<?xml version='1.0' encoding='utf-8'?>
<kml xmlns="http://www.opengis.net/kml/2.2" xmlns:gx="http://www.google.com/kml/ext/2.2">
  <Document>
    <name>KML Export 5/19/2026 6:00:22 AM</name>
    <Style id="style_emergency">
      <IconStyle>
        <colorMode>normal</colorMode>
        <Icon>
          <href>http://maps.google.com/mapfiles/kml/shapes/caution.png</href>
        </Icon>
      </IconStyle>
      <BalloonStyle>
        <text>&lt;table&gt;&lt;tr&gt;&lt;td&gt;Id&lt;/td&gt;&lt;td&gt; $[Id] &lt;/td&gt;&lt;/tr&gt;&lt;tr&gt;&lt;td&gt;Time&lt;/td&gt;&lt;td&gt; $[Time] &lt;/td&gt;&lt;/tr&gt;&lt;tr&gt;&lt;td&gt;Time UTC&lt;/td&gt;&lt;td&gt; $[Time UTC] &lt;/td&gt;&lt;/tr&gt;&lt;tr&gt;&lt;td&gt;Name&lt;/td&gt;&lt;td&gt; $[Name] &lt;/td&gt;&lt;/tr&gt;&lt;tr&gt;&lt;td&gt;Map Display Name&lt;/td&gt;&lt;td&gt; $[Map Display Name] &lt;/td&gt;&lt;/tr&gt;&lt;tr&gt;&lt;td&gt;Device Type&lt;/td&gt;&lt;td&gt; $[Device Type] &lt;/td&gt;&lt;/tr&gt;&lt;tr&gt;&lt;td&gt;IMEI&lt;/td&gt;&lt;td&gt; $[IMEI] &lt;/td&gt;&lt;/tr&gt;&lt;tr&gt;&lt;td&gt;Incident Id&lt;/td&gt;&lt;td&gt; $[Incident Id] &lt;/td&gt;&lt;/tr&gt;&lt;tr&gt;&lt;td&gt;Latitude&lt;/td&gt;&lt;td&gt; $[Latitude] &lt;/td&gt;&lt;/tr&gt;&lt;tr&gt;&lt;td&gt;Longitude&lt;/td&gt;&lt;td&gt; $[Longitude] &lt;/td&gt;&lt;/tr&gt;&lt;tr&gt;&lt;td&gt;Elevation&lt;/td&gt;&lt;td&gt; $[Elevation] &lt;/td&gt;&lt;/tr&gt;&lt;tr&gt;&lt;td&gt;Velocity&lt;/td&gt;&lt;td&gt; $[Velocity] &lt;/td&gt;&lt;/tr&gt;&lt;tr&gt;&lt;td&gt;Course&lt;/td&gt;&lt;td&gt; $[Course] &lt;/td&gt;&lt;/tr&gt;&lt;tr&gt;&lt;td&gt;Valid GPS Fix&lt;/td&gt;&lt;td&gt; $[Valid GPS Fix] &lt;/td&gt;&lt;/tr&gt;&lt;tr&gt;&lt;td&gt;In Emergency&lt;/td&gt;&lt;td&gt; $[In Emergency] &lt;/td&gt;&lt;/tr&gt;&lt;tr&gt;&lt;td&gt;Text&lt;/td&gt;&lt;td&gt; $[Text] &lt;/td&gt;&lt;/tr&gt;&lt;tr&gt;&lt;td&gt;Event&lt;/td&gt;&lt;td&gt; $[Event] &lt;/td&gt;&lt;/tr&gt;&lt;tr&gt;&lt;td&gt;Device Identifier&lt;/td&gt;&lt;td&gt; $[Device Identifier] &lt;/td&gt;&lt;/tr&gt;&lt;tr&gt;&lt;td&gt;SpatialRefSystem&lt;/td&gt;&lt;td&gt; $[SpatialRefSystem] &lt;/td&gt;&lt;/tr&gt;&lt;/table&gt;</text>
      </BalloonStyle>
    </Style>
    <Style id="style_6179117">
      <IconStyle>
        <color>ffff5500</color>
        <colorMode>normal</colorMode>
        <Icon>
          <href>http://maps.google.com/mapfiles/kml/paddle/wht-blank.png</href>
        </Icon>
      </IconStyle>
      <BalloonStyle>
        <text>&lt;table&gt;&lt;tr&gt;&lt;td&gt;Id&lt;/td&gt;&lt;td&gt; $[Id] &lt;/td&gt;&lt;/tr&gt;&lt;tr&gt;&lt;td&gt;Time&lt;/td&gt;&lt;td&gt; $[Time] &lt;/td&gt;&lt;/tr&gt;&lt;tr&gt;&lt;td&gt;Time UTC&lt;/td&gt;&lt;td&gt; $[Time UTC] &lt;/td&gt;&lt;/tr&gt;&lt;tr&gt;&lt;td&gt;Name&lt;/td&gt;&lt;td&gt; $[Name] &lt;/td&gt;&lt;/tr&gt;&lt;tr&gt;&lt;td&gt;Map Display Name&lt;/td&gt;&lt;td&gt; $[Map Display Name] &lt;/td&gt;&lt;/tr&gt;&lt;tr&gt;&lt;td&gt;Device Type&lt;/td&gt;&lt;td&gt; $[Device Type] &lt;/td&gt;&lt;/tr&gt;&lt;tr&gt;&lt;td&gt;IMEI&lt;/td&gt;&lt;td&gt; $[IMEI] &lt;/td&gt;&lt;/tr&gt;&lt;tr&gt;&lt;td&gt;Incident Id&lt;/td&gt;&lt;td&gt; $[Incident Id] &lt;/td&gt;&lt;/tr&gt;&lt;tr&gt;&lt;td&gt;Latitude&lt;/td&gt;&lt;td&gt; $[Latitude] &lt;/td&gt;&lt;/tr&gt;&lt;tr&gt;&lt;td&gt;Longitude&lt;/td&gt;&lt;td&gt; $[Longitude] &lt;/td&gt;&lt;/tr&gt;&lt;tr&gt;&lt;td&gt;Elevation&lt;/td&gt;&lt;td&gt; $[Elevation] &lt;/td&gt;&lt;/tr&gt;&lt;tr&gt;&lt;td&gt;Velocity&lt;/td&gt;&lt;td&gt; $[Velocity] &lt;/td&gt;&lt;/tr&gt;&lt;tr&gt;&lt;td&gt;Course&lt;/td&gt;&lt;td&gt; $[Course] &lt;/td&gt;&lt;/tr&gt;&lt;tr&gt;&lt;td&gt;Valid GPS Fix&lt;/td&gt;&lt;td&gt; $[Valid GPS Fix] &lt;/td&gt;&lt;/tr&gt;&lt;tr&gt;&lt;td&gt;In Emergency&lt;/td&gt;&lt;td&gt; $[In Emergency] &lt;/td&gt;&lt;/tr&gt;&lt;tr&gt;&lt;td&gt;Text&lt;/td&gt;&lt;td&gt; $[Text] &lt;/td&gt;&lt;/tr&gt;&lt;tr&gt;&lt;td&gt;Event&lt;/td&gt;&lt;td&gt; $[Event] &lt;/td&gt;&lt;/tr&gt;&lt;tr&gt;&lt;td&gt;Device Identifier&lt;/td&gt;&lt;td&gt; $[Device Identifier] &lt;/td&gt;&lt;/tr&gt;&lt;tr&gt;&lt;td&gt;SpatialRefSystem&lt;/td&gt;&lt;td&gt; $[SpatialRefSystem] &lt;/td&gt;&lt;/tr&gt;&lt;/table&gt;</text>
      </BalloonStyle>
    </Style>
    <Style id="waypointstyle_6179117">
      <IconStyle>
        <color>ffff5500</color>
        <colorMode>normal</colorMode>
        <Icon>
          <href>http://maps.google.com/mapfiles/kml/paddle/wht-blank.png</href>
        </Icon>
      </IconStyle>
      <BalloonStyle>
        <text>&lt;table&gt;&lt;tr&gt;&lt;td&gt;Time&lt;/td&gt;&lt;td&gt; $[Time] &lt;/td&gt;&lt;/tr&gt;&lt;tr&gt;&lt;td&gt;Time UTC&lt;/td&gt;&lt;td&gt; $[Time UTC] &lt;/td&gt;&lt;/tr&gt;&lt;tr&gt;&lt;td&gt;Latitude&lt;/td&gt;&lt;td&gt; $[Latitude] &lt;/td&gt;&lt;/tr&gt;&lt;tr&gt;&lt;td&gt;Longitude&lt;/td&gt;&lt;td&gt; $[Longitude] &lt;/td&gt;&lt;/tr&gt;&lt;tr&gt;&lt;td&gt;Text&lt;/td&gt;&lt;td&gt; $[Text] &lt;/td&gt;&lt;/tr&gt;&lt;/table&gt;</text>
      </BalloonStyle>
    </Style>
    <Style id="linestyle_6179117">
      <LineStyle>
        <color>ffff5500</color>
        <colorMode>normal</colorMode>
        <width>1</width>
        <gx:labelVisibility>false</gx:labelVisibility>
      </LineStyle>
    </Style>
    <Folder>
      <name>Daniel Pinsky</name>
      <Placemark>
        <name>Daniel Pinsky</name>
        <visibility>true</visibility>
        <description>Daniel Pinsky's track log</description>
        <styleUrl>#linestyle_6179117</styleUrl>
        <LineString>
          <tessellate>true</tessellate>
          <coordinates>-63.088345,18.074376,20.6
-63.08826,18.074408,8.43
-63.088345,18.07458,12.48
-63.093753,18.07576,10.46
-63.099075,18.079998,12.48
-63.1027,18.08488,6.4
-63.106198,18.088453,10.46
-63.109138,18.091756,10.46
-63.11328,18.095726,6.4
-63.117485,18.099471,6.4
-63.123771,18.105758,12.48
-63.131046,18.114996,12.48
-63.138106,18.122451,8.43
-63.14641,18.12787,8.43
-63.156473,18.13361,8.43
-63.166365,18.140831,10.46
-63.175313,18.149746,8.43
-63.184905,18.158813,8.43
-63.193875,18.170346,10.46
-63.202843,18.181933,10.46
-63.212456,18.192961,12.48
-63.22177,18.204581,12.48
-63.233721,18.214838,14.51
-63.24385,18.225631,14.51
-63.252861,18.236993,14.51
-63.261551,18.249181,14.51
-63.266851,18.263355,12.48
-63.268075,18.279255,12.48
-63.268331,18.295176,10.46
-63.265113,18.310743,8.43
-63.263611,18.325485,14.51
-63.259276,18.340848,14.51
-63.258226,18.354871,14.51
-63.254943,18.369205,12.48
-63.254063,18.382445,16.54
-63.25121,18.397796,16.54
-63.25123,18.41358,16.54
-63.249063,18.430198,14.51
-63.244793,18.446055,12.48
-63.240416,18.461536,10.46
-63.235588,18.477436,8.43
-63.232841,18.493713,8.43
-63.230825,18.50987,8.43
-63.229021,18.52621,6.4
-63.224923,18.542056,2.34
-63.22089,18.55741,8.43
-63.217928,18.573836,6.4
-63.215996,18.590121,2.34
-63.214773,18.606108,2.34
-63.215825,18.621696,0.31
-63.21752,18.63823,4.37
-63.21677,18.65471,4.37
-63.21589,18.671136,10.46
-63.214473,18.686746,4.37
-63.211876,18.70196,4.37
-63.208465,18.715575,2.34
-63.205483,18.733213,-1.7
-63.199518,18.746645,2.34
-63.194131,18.759155,2.34
-63.189453,18.772651,0.31
-63.18587,18.788938,2.34
-63.18291,18.80501,-1.7
-63.181278,18.821661,-1.7
-63.178016,18.837626,0.31
-63.177888,18.853676,0.31
-63.182416,18.87242,0.31
-63.183618,18.892181,0.31
-63.183875,18.911848,-1.7
-63.183875,18.930988,0.31
-63.181106,18.948626,0.31
-63.178253,18.965685,-1.7
-63.177803,18.983613,-1.7
-63.176365,19.002678,-1.7
-63.174863,19.021271,-7.79
-63.17643,19.03995,-5.76
-63.182286,19.058843,-5.76
-63.187716,19.077158,-7.79
-63.191235,19.096781,-9.81
-63.18909,19.113905,-9.81
-63.18675,19.131253,-11.84
-63.186515,19.14961,-9.81
-63.188875,19.168471,-5.76
-63.19514,19.186913,0.31
-63.199903,19.20555,-3.73
-63.205246,19.224368,-1.7
-63.210718,19.243143,0.31
-63.21546,19.262413,0.31
-63.222476,19.281166,-1.7
-63.225288,19.298923,0.31
-63.223615,19.31567,0.31
-63.222305,19.332418,0.31
-63.221983,19.348951,2.34
-63.22074,19.365226,-1.7
-63.220053,19.381116,-3.73
-63.219173,19.39766,-1.7
-63.216661,19.413978,-5.76
-63.212886,19.42974,-7.79
-63.209816,19.44564,-5.76
-63.208036,19.461861,-5.76
-63.207263,19.478116,-3.73
-63.205568,19.494638,-7.79
-63.203508,19.511043,0.31
-63.202693,19.527436,-3.73
-63.20147,19.543518,-1.7
-63.201556,19.559976,-3.73
-63.201341,19.576285,0.31
-63.200183,19.592668,0.31
-63.19896,19.609298,0.31
-63.19748,19.625101,-1.7
-63.196235,19.641548,-1.7
-63.194346,19.65777,0.31
-63.192436,19.673896,2.34
-63.189196,19.689591,2.34
-63.186128,19.705416,2.34
-63.18424,19.721446,6.4
-63.18278,19.737668,4.37
-63.181106,19.753815,2.34
-63.178381,19.769265,-3.73
-63.17748,19.785336,-9.81
-63.177223,19.801193,0.31
-63.17658,19.817255,0.31
-63.176215,19.83324,-1.7
-63.174755,19.849291,-7.79
-63.172803,19.865233,0.31
-63.16967,19.881026,2.34
-63.166601,19.896433,-1.7
-63.163898,19.912376,-1.7
-63.1607,19.92804,-1.7
-63.157696,19.94364,0.31
-63.155743,19.959346,0.31
-63.153491,19.974206,2.34
-63.151495,19.989313,-7.79
-63.148706,20.004055,-5.76
-63.147655,20.019353,-1.7
-63.14568,20.034716,-1.7
-63.143126,20.050123,-1.7
-63.140123,20.065466,-1.7
-63.13611,20.080798,0.31
-63.134995,20.096783,-1.7
-63.132098,20.112201,0.31
-63.129158,20.127511,0.31
-63.127098,20.142918,-1.7
-63.12448,20.158388,-1.7
-63.119223,20.173816,0.31
-63.114673,20.18948,-1.7
-63.111498,20.202345,-5.76
-63.114223,20.207441,-5.76
-63.114738,20.22494,-3.73
-63.114803,20.242266,0.31
-63.11667,20.25969,0.31
-63.11637,20.277156,0.31
-63.11845,20.294055,2.34
-63.11991,20.311413,2.34
-63.117956,20.328386,4.37
-63.115896,20.345123,6.4
-63.113773,20.361593,4.37
-63.112335,20.377363,4.37
-63.109631,20.392276,4.37
-63.106155,20.406385,2.34
-63.103773,20.420805,2.34
-63.099331,20.43384,4.37
-63.095791,20.447005,2.34
-63.095963,20.461241,4.37
-63.097465,20.477496,6.4
-63.096693,20.493783,6.4
-63.093538,20.508373,8.43
-63.094461,20.524285,8.43
-63.09592,20.541858,8.43
-63.09768,20.558778,8.43
-63.100533,20.575505,6.4
-63.099868,20.590181,6.4
-63.09931,20.603828,8.43
-63.10461,20.619815,6.4
-63.106048,20.634266,8.43
-63.118215,20.691526,10.46
-63.11948,20.709143,8.43
-63.12079,20.72677,10.46
-63.122806,20.744226,8.43
-63.127741,20.760071,6.4
-63.13036,20.77609,8.43
-63.13199,20.79154,8.43
-63.133878,20.806936,8.43
-63.133428,20.822471,8.43
-63.134028,20.83878,6.4
-63.134136,20.855505,6.4
-63.13287,20.871416,4.37
-63.128771,20.886523,6.4
-63.125531,20.901756,6.4
-63.121991,20.9168,6.4
-63.121133,20.933106,8.43
-63.120188,20.95023,4.37
-63.119286,20.967771,10.46
-63.116455,20.984873,8.43
-63.117441,21.00278,10.46
-63.119973,21.020278,20.6
-63.122956,21.038163,12.48
-63.124973,21.056188,14.51
-63.130273,21.07315,18.57
-63.133578,21.090403,8.43
-63.132505,21.10715,14.51
-63.129158,21.12334,12.48
-63.127548,21.139626,8.43
-63.12654,21.155795,8.43
-63.124545,21.17207,8.43
-63.123043,21.188475,8.43
-63.12064,21.20548,10.46
-63.112678,21.220393,12.48
-63.106391,21.235906,10.46
-63.099503,21.251003,10.46
-63.093838,21.26657,10.46
-63.089203,21.282673,12.48
-63.090276,21.300558,14.51
-63.089976,21.319066,16.54
-63.089696,21.33766,10.46
-63.09416,21.355888,8.43
-63.100061,21.373986,8.43
-63.104568,21.391775,6.4
-63.107356,21.409843,8.43
-63.106133,21.427491,6.4
-63.110811,21.445473,6.4
-63.117956,21.463121,10.46
-63.123558,21.480491,8.43
-63.125703,21.498398,8.43
-63.129651,21.516241,8.43
-63.13448,21.533996,12.48
-63.136003,21.55082,6.4
-63.137505,21.568726,8.43
-63.13611,21.586708,10.46
-63.133235,21.60469,8.43
-63.130016,21.62266,10.46
-63.127913,21.64091,8.43
-63.125016,21.658548,12.48
-63.122613,21.675081,14.51
-63.115553,21.69156,14.51
-63.1077,21.707128,14.51
-63.10152,21.721933,14.51
-63.09562,21.736611,12.48
-63.090061,21.751846,10.46
-63.084633,21.76795,14.51
-63.080728,21.784933,12.48
-63.07738,21.802755,12.48
-63.072681,21.820478,10.46
-63.068303,21.838106,8.43
-63.063711,21.855486,10.46
-63.05927,21.872653,8.43
-63.054528,21.88953,10.46
-63.049443,21.906535,10.46
-63.04498,21.923496,10.46
-63.041375,21.940513,8.43
-63.037963,21.9574,12.48
-63.0338,21.973578,12.48
-63.030066,21.989318,12.48
-63.026505,22.004896,8.43
-63.024145,22.020656,12.48
-63.02159,22.036611,8.43
-63.019015,22.052415,10.46
-63.01363,22.067725,12.48
-63.009553,22.083496,10.46
-63.006398,22.09871,10.46
-63.003716,22.114588,4.37
-63.001206,22.13096,4.37
-62.998266,22.147536,6.4
-62.996528,22.164305,6.4
-62.99258,22.180838,2.34
-62.989125,22.197403,2.34
-62.984618,22.214033,2.34
-62.980026,22.230716,2.34
-62.977045,22.247571,2.34
-62.975391,22.264555,2.34
-62.97153,22.280798,2.34
-62.96874,22.297118,2.34
-62.965608,22.3132,4.37
-62.963311,22.328885,4.37
-62.962903,22.344968,0.31
-62.960436,22.361395,0.31
-62.956916,22.377348,4.37
-62.955565,22.392948,2.34
-62.952926,22.408718,2.34
-62.949943,22.424276,2.34
-62.947476,22.440165,2.34
-62.944386,22.455775,2.34
-62.942283,22.471621,2.34
-62.945608,22.486921,4.37
-62.94666,22.50264,6.4
-62.939365,22.51767,6.4
-62.934365,22.532368,6.4
-62.931168,22.547871,4.37
-62.93312,22.564598,0.31
-62.938013,22.581238,2.34
-62.943871,22.596205,0.31
-62.948355,22.610463,0.31
-62.95211,22.624701,0.31
-62.954428,22.638841,2.34
-62.953913,22.652768,0.31
-62.945265,22.667928,0.31
-62.947883,22.68415,2.34
-62.955695,22.692281,8.43
-62.957796,22.699191,6.4
-62.956038,22.709105,2.34
-62.9546,22.722076,2.34
-62.954943,22.739908,2.34
-62.955995,22.75747,4.37
-62.95608,22.775376,8.43
-62.955886,22.79293,8.43
-62.955286,22.810943,8.43
-62.955608,22.828345,8.43
-62.9552,22.845715,8.43
-62.953548,22.863075,6.4
-62.954706,22.881013,4.37
-62.95284,22.898361,4.37
-62.95166,22.9157,4.37
-62.95108,22.933305,2.34
-62.950845,22.950846,2.34
-62.951445,22.968796,2.34
-62.952711,22.986295,4.37
-62.954643,23.003805,6.4
-62.95666,23.021356,6.4
-62.95887,23.038651,10.46
-62.960886,23.055153,8.43
-62.963911,23.072008,10.46
-62.966486,23.088905,10.46
-62.971121,23.105288,6.4
-62.974685,23.122218,6.4
-62.978353,23.138966,6.4
-62.982151,23.156003,4.37
-62.985285,23.172966,4.37
-62.98889,23.190668,0.31
-62.990648,23.208811,-1.7
-62.993051,23.227115,0.31
-62.994683,23.2453,-1.7
-62.998351,23.262991,4.37
-63.000046,23.281348,4.37
-63.002771,23.299738,0.31
-63.00245,23.317773,0.31
-63.002321,23.335798,2.34
-63.003266,23.35379,2.34
-63.00303,23.371846,6.4
-63.000305,23.389173,2.34
-63.000196,23.407735,8.43
-62.998588,23.426101,8.43
-62.998073,23.444491,6.4
-62.998845,23.462741,4.37
-62.999446,23.480808,2.34
-62.995648,23.498275,4.37
-62.994983,23.516846,0.31
-62.994596,23.53543,2.34
-62.993245,23.553925,4.37
-62.991163,23.57195,0.31
-62.99273,23.588988,4.37
-62.990648,23.605606,2.34
-62.990863,23.622526,2.34
-62.990798,23.639435,2.34
-62.99037,23.656343,4.37
-62.988953,23.672898,6.4
-62.98816,23.689506,6.4
-62.987923,23.706115,6.4
-62.987345,23.723848,4.37
-62.986893,23.741208,2.34
-62.987945,23.758621,4.37
-62.990026,23.776098,2.34
-62.991528,23.79408,0.31
-62.994855,23.812083,0.31
-62.995991,23.830171,2.34
-62.998158,23.848356,2.34
-62.997965,23.86651,4.37
-62.996571,23.88446,4.37
-62.995155,23.902408,6.4
-62.99494,23.920336,6.4
-62.994146,23.937996,4.37
-62.99316,23.955548,4.37
-62.991871,23.973433,4.37
-62.990176,23.991201,6.4
-62.988718,24.00899,6.4
-62.98625,24.026928,6.4
-62.987236,24.045981,6.4
-62.98801,24.064693,8.43
-62.98786,24.083158,8.43
-62.988438,24.101515,8.43
-62.988073,24.119388,8.43
-62.98655,24.137156,10.46
-62.988395,24.154945,10.46
-62.990476,24.1727,8.43
-62.992751,24.190531,10.46
-62.992645,24.208878,4.37
-62.993481,24.227181,6.4
-62.99243,24.245281,6.4
-62.992408,24.263723,6.4
-62.992751,24.282338,6.4
-62.993288,24.300866,6.4
-62.99288,24.319073,4.37
-62.993503,24.33742,4.37
-62.993781,24.355595,4.37
-62.994231,24.37318,6.4
-62.995563,24.390378,8.43
-62.996421,24.407845,6.4
-62.997343,24.424838,8.43
-62.9973,24.442101,6.4
-62.997108,24.459235,6.4
-62.995111,24.476401,8.43
-62.993395,24.4936,8.43
-62.990928,24.510573,10.46
-62.989618,24.527225,22.63
-62.987151,24.54439,14.51
-62.985241,24.561298,8.43
-62.983375,24.578208,28.73
-62.981143,24.59487,24.66
-62.98183,24.611176,20.6
-62.981915,24.62696,20.6
-62.981721,24.64227,10.46
-62.982408,24.656506,30.76
-62.982538,24.670893,10.46
-62.982816,24.685613,14.51
-62.981315,24.702243,8.43
-62.980713,24.71823,6.4
-62.981808,24.733765,0.31
-62.982366,24.75004,0.31
-62.983653,24.766273,-1.7
-62.9861,24.782013,2.34
-62.988395,24.798428,0.31
-62.992623,24.813963,-1.7
-62.993953,24.830078,0.31
-62.996528,24.846621,0.31
-62.999575,24.863691,0.31
-63.00052,24.881608,-1.7
-63.000025,24.899718,-1.7
-62.999038,24.917678,0.31
-62.997945,24.935391,0.31
-63.000196,24.952483,2.34
-63.002,24.969101,0.31
-63.005496,24.985903,2.34
-63.006913,25.003841,0.31
-63.00848,25.022971,0.31
-63.00685,25.041865,-1.7
-63.010303,25.059996,-1.7
-63.010798,25.078225,-3.73
-63.010131,25.096463,-3.73
-63.01451,25.111956,-3.73
-63.014401,25.129101,-1.7
-63.015175,25.147351,0.31
-63.017085,25.165225,2.34
-63.01805,25.18091,8.43
-63.014423,25.198806,2.34
-63.01466,25.2174,0.31
-63.0173,25.230746,-500
-63.02157,25.252236,0.31
-63.022685,25.270936,0.31
-63.022428,25.289518,0.31
-63.021826,25.30853,0.31
-63.01878,25.327456,0.31
-63.021976,25.345018,0.31
-63.022706,25.362528,2.34
-63.018521,25.381206,2.34
-63.016741,25.400186,2.34
-63.016226,25.419091,4.37
-63.013265,25.438263,2.34
-63.008973,25.457071,2.34
-63.006741,25.47575,4.37
-63.006506,25.493441,2.34
-63.002193,25.511948,2.34
-62.997215,25.530831,4.37
-62.992493,25.549253,6.4
-62.989318,25.566751,8.43
-62.98685,25.58425,4.37
-62.97934,25.601963,4.37
-62.976895,25.619785,8.43
-62.977966,25.63592,8.43
-62.973075,25.65357,6.4
-62.968805,25.671745,6.4
-62.96696,25.689156,4.37
-62.96402,25.703835,0.31
-62.965178,25.720185,-5.76
-62.96681,25.737608,-7.79
-62.967303,25.756276,2.34
-62.970715,25.773775,-1.7
-62.974726,25.791756,6.4
-62.980993,25.809245,8.43
-62.986293,25.824951,6.4
-62.993566,25.841325,4.37
-63.002643,25.855786,10.46
-63.011311,25.867095,8.43
-63.016333,25.880698,4.37
-63.017856,25.898745,4.37
-63.018995,25.916705,16.54
-63.021398,25.933838,12.48
-63.02275,25.951113,8.43
-63.018006,25.96726,4.37
-63.018908,25.985336,4.37
-63.019766,26.003866,4.37
-63.021698,26.021686,2.34
-63.023993,26.039733,2.34
-63.022556,26.057618,4.37
-63.025153,26.075685,0.31
-63.025173,26.094235,2.34
-63.02556,26.112925,2.34
-63.027083,26.131325,4.37
-63.027641,26.149338,2.34
-63.02893,26.167245,2.34
-63.03056,26.1847,12.48
-63.031331,26.201878,14.51
-63.032876,26.218786,12.48
-63.033585,26.235416,10.46
-63.036825,26.252313,8.43
-63.042318,26.268943,2.34
-63.047018,26.285423,2.34
-63.04792,26.302815,2.34
-63.047103,26.31997,4.37
-63.046203,26.3369,4.37
-63.046738,26.353926,6.4
-63.047146,26.371231,8.43
-63.048585,26.387776,8.43
-63.047768,26.404491,6.4
-63.045536,26.42125,4.37
-63.04601,26.437558,6.4
-63.046116,26.453543,10.46
-63.046931,26.469465,8.43
-63.04689,26.485848,6.4
-63.049958,26.502028,6.4
-63.050686,26.518485,6.4
-63.050323,26.534225,-9.81
-63.051266,26.55034,-21.97
-63.050408,26.566571,-32.1
-63.047768,26.582945,-21.97
-63.04719,26.59965,6.4
-63.045816,26.616171,-1.7
-63.041653,26.632136,-9.81
-63.041181,26.648476,4.37
-63.038993,26.664686,4.37
-63.03601,26.680523,4.37
-63.033671,26.69623,6.4
-63.030131,26.712023,8.43
-63.028135,26.727826,10.46
-63.027685,26.743351,10.46
-63.027126,26.758575,10.46
-63.025388,26.774078,4.37
-63.024745,26.789935,0.31
-63.0232,26.806168,4.37
-63.020003,26.822583,6.4
-63.018093,26.838623,6.4
-63.019015,26.854395,4.37
-63.018521,26.868996,6.4
-63.013351,26.881903,8.43
-63.008695,26.89364,34.82
-63.00481,26.90614,40.92
-63.003953,26.92012,22.63
-63.005153,26.935623,14.51
-63.007235,26.949376,8.43
-63.003931,26.965126,4.37
-63.007085,26.979321,4.37
-63.00818,26.995006,4.37
-63.00863,27.011068,2.34
-63.009831,27.02686,4.37
-63.012341,27.042525,2.34
-63.014938,27.058983,0.31
-63.017363,27.07557,-3.73
-63.017943,27.092468,-7.79
-63.019895,27.109386,0.31
-63.019831,27.126253,0.31
-63.01848,27.143311,-1.7
-63.01732,27.160628,-1.7
-63.016805,27.177923,-1.7
-63.017085,27.1954,-1.7
-63.019295,27.213178,-1.7
-63.020003,27.230836,0.31
-63.019101,27.248325,0.31
-63.017278,27.264848,-1.7
-63.011055,27.27887,-1.7
-63.009188,27.295606,0.31
-63.008158,27.313395,0.31
-63.009918,27.330068,4.37
-63.013651,27.346086,2.34
-63.01745,27.362223,4.37
-63.019338,27.379098,0.31
-63.021398,27.395515,4.37
-63.020861,27.413678,2.34
-63.020325,27.431971,4.37
-63.018071,27.450553,34.82
-63.018371,27.468116,42.95
-63.018436,27.48599,8.43
-63.018071,27.503553,6.4
-63.010626,27.519765,10.46
-63.009488,27.534055,2.34
-63.006806,27.549558,0.31
-63.010905,27.56283,2.34
-63.014681,27.575468,2.34
-63.012965,27.590125,0.31
-63.012535,27.604908,0.31
-63.011441,27.6198,0.31
-63.011978,27.635046,2.34
-63.012085,27.650881,2.34
-63.013973,27.666675,0.31
-63.013866,27.682241,0.31
-63.013951,27.698325,2.34
-63.014981,27.714256,4.37
-63.012856,27.729556,4.37
-63.009768,27.743965,4.37
-63.006656,27.759156,6.4
-63.004596,27.775133,2.34
-63.003286,27.790925,4.37
-62.998888,27.806256,4.37
-62.99421,27.821963,4.37
-62.991335,27.83781,6.4
-62.990391,27.853881,6.4
-62.989468,27.869878,8.43
-62.989425,27.884953,8.43
-62.992536,27.898718,6.4
-62.994705,27.913416,0.31
-62.997986,27.927418,4.37
-62.998438,27.94364,6.4
-63.0017,27.95718,8.43
-63.00024,27.97221,8.43
-62.997836,27.987026,6.4
-62.994103,28.002348,4.37
-62.99155,28.01666,6.4
-62.989748,28.030115,6.4
-62.981271,28.044158,2.34
-62.974298,28.058341,2.34
-62.969341,28.072921,0.31
-62.96565,28.086161,0.31
-62.956595,28.099861,0.31
-62.948463,28.113723,4.37
-62.937111,28.126245,2.34
-62.923786,28.136318,4.37
-62.91177,28.147401,2.34
-62.904968,28.15915,2.34
-62.897865,28.168248,2.34
-62.885398,28.175758,0.31
-62.876343,28.183321,0.31
-62.867331,28.196411,2.34
-62.862375,28.20921,0.31
-62.858813,28.222728,0.31
-62.855615,28.234563,4.37
-62.854478,28.245871,4.37
-62.852075,28.25718,4.37
-62.850036,28.2694,4.37
-62.848856,28.280053,2.34
-62.847333,28.290503,4.37
-62.843835,28.299568,2.34
-62.840445,28.30974,4.37
-62.836775,28.320736,2.34
-62.83403,28.329931,2.34
-62.833213,28.339523,8.43
-62.832291,28.348213,6.4
-62.82948,28.35671,6.4
-62.830575,28.361753,4.37
-62.822226,28.371076,6.4
-62.81755,28.379938,2.34
-62.811305,28.388265,4.37
-62.804996,28.397073,2.34
-62.800405,28.40602,2.34
-62.798238,28.413756,2.34
-62.796735,28.422488,4.37
-62.795211,28.43015,4.37
-62.789483,28.439611,4.37
-62.789611,28.447111,4.37
-62.784611,28.455726,8.43
-62.78253,28.462818,4.37
-62.781136,28.471326,2.34
-62.78032,28.478955,10.46
-62.776415,28.488268,4.37
-62.773733,28.498353,6.4
-62.769033,28.508803,4.37
-62.764076,28.519113,6.4
-62.761545,28.529413,6.4
-62.758906,28.541998,6.4
-62.757103,28.55426,8.43
-62.754291,28.56647,8.43
-62.752275,28.579881,14.51
-62.752168,28.592906,14.51
-62.754443,28.603023,24.66
-62.752168,28.616305,10.46
-62.751375,28.628043,6.4
-62.75234,28.637548,2.34
-62.751931,28.64597,6.4
-62.750451,28.65568,6.4
-62.749185,28.665196,2.34
-62.748841,28.675368,4.37
-62.747125,28.685345,4.37
-62.745408,28.696728,4.37
-62.743005,28.70838,4.37
-62.739615,28.721448,4.37
-62.737705,28.73457,8.43
-62.735301,28.747938,4.37
-62.730538,28.762411,6.4
-62.725903,28.776851,6.4
-62.719725,28.790691,14.51
-62.714575,28.80377,18.57
-62.706613,28.818361,-7.79
-62.698825,28.832523,0.31
-62.689383,28.846568,4.37
-62.677388,28.860836,6.4
-62.664921,28.87384,4.37
-62.652583,28.886565,4.37
-62.638313,28.89857,4.37
-62.624988,28.910586,6.4
-62.61205,28.923053,4.37
-62.59748,28.93492,4.37
-62.587115,28.946936,4.37
-62.581343,28.959521,4.37
-62.573383,28.972535,4.37
-62.567996,28.985001,6.4
-62.556903,28.998058,4.37
-62.549736,29.010493,2.34
-62.540123,29.022166,4.37
-62.528343,29.034171,2.34
-62.515726,29.045835,2.34
-62.505533,29.057561,2.34
-62.493775,29.06946,2.34
-62.481136,29.081636,4.37
-62.472103,29.093051,2.34
-62.460301,29.106098,2.34
-62.45307,29.119541,2.34
-62.445623,29.132791,6.4
-62.435431,29.146073,4.37
-62.425518,29.159688,4.37
-62.417385,29.174001,6.4
-62.411506,29.187595,2.34
-62.403501,29.202025,2.34
-62.395498,29.215983,4.37
-62.384211,29.228955,6.4
-62.375821,29.242698,10.46
-62.367796,29.256376,20.6
-62.359,29.269938,16.54
-62.349343,29.281793,14.51
-62.343528,29.295365,6.4
-62.340266,29.309131,4.37
-62.336876,29.323871,2.34
-62.332756,29.338656,4.37
-62.327585,29.352968,4.37
-62.324045,29.367528,4.37
-62.320718,29.382098,4.37
-62.315183,29.396291,4.37
-62.309346,29.41069,4.37
-62.30366,29.42483,6.4
-62.297716,29.439261,2.34
-62.294626,29.453733,4.37
-62.291536,29.46957,4.37
-62.287845,29.485341,6.4
-62.28321,29.500833,8.43
-62.277288,29.516476,6.4
-62.273361,29.53155,6.4
-62.265873,29.547031,4.37
-62.25759,29.562621,6.4
-62.247976,29.57807,4.37
-62.239071,29.592458,4.37
-62.233065,29.607103,4.37
-62.227313,29.622176,8.43
-62.22197,29.6371,10.46
-62.216133,29.651991,6.4
-62.209181,29.666905,20.6
-62.201135,29.680853,0.31
-62.193238,29.695155,8.43
-62.187166,29.70952,2.34
-62.180256,29.724036,8.43
-62.173155,29.738541,8.43
-62.16646,29.752125,4.37
-62.160065,29.766308,4.37
-62.15337,29.78106,6.4
-62.146138,29.79533,6.4
-62.138221,29.809835,6.4
-62.13202,29.823696,6.4
-62.12436,29.838298,4.37
-62.116185,29.853168,4.37
-62.108158,29.867931,8.43
-62.098803,29.882318,10.46
-62.089491,29.897306,12.48
-62.079535,29.912413,6.4
-62.069085,29.927723,6.4
-62.060738,29.943291,6.4
-62.052068,29.959116,6.4
-62.043828,29.974523,4.37
-62.034816,29.989178,4.37
-62.026211,30.003758,2.34
-62.016385,30.018135,2.34
-62.006235,30.032168,8.43
-61.995956,30.045848,8.43
-61.987545,30.059248,8.43
-61.97849,30.073571,6.4
-61.961131,30.084536,8.43
-61.943965,30.096273,8.43
-61.934051,30.107796,10.46
-61.923686,30.120435,10.46
-61.910791,30.133266,8.43
-61.900706,30.146485,8.43
-61.890341,30.160753,10.46
-61.881245,30.175001,8.43
-61.871825,30.188981,10.46
-61.860108,30.201061,8.43
-61.848006,30.212906,8.43
-61.83659,30.224461,4.37
-61.825518,30.236616,2.34
-61.813931,30.248816,4.37
-61.802193,30.261143,4.37
-61.790543,30.273085,6.4
-61.778483,30.284038,6.4
-61.766768,30.295056,8.43
-61.755631,30.306365,8.43
-61.744495,30.31777,6.4
-61.734731,30.328981,6.4
-61.727715,30.340355,6.4
-61.72029,30.351716,8.43
-61.711836,30.363303,10.46
-61.703681,30.37488,4.37
-61.694283,30.386445,4.37
-61.68407,30.397861,4.37
-61.673598,30.408708,4.37
-61.66171,30.420188,4.37
-61.650575,30.431646,6.4
-61.640145,30.443888,4.37
-61.629353,30.45615,6.4
-61.618923,30.468531,8.43
-61.608946,30.480956,6.4
-61.597466,30.493336,6.4
-61.586888,30.505546,6.4
-61.57646,30.519031,2.34
-61.565301,30.532668,2.34
-61.553865,30.545415,4.37
-61.543265,30.558461,4.37
-61.533951,30.571946,4.37
-61.524596,30.585595,4.37
-61.515411,30.599703,4.37
-61.505606,30.613585,6.4
-61.495478,30.627426,6.4
-61.484921,30.64059,8.43
-61.476016,30.654978,8.43
-61.467476,30.669396,6.4
-61.45752,30.683956,6.4
-61.448615,30.698365,6.4
-61.439323,30.713513,6.4
-61.429796,30.729221,6.4
-61.419475,30.74452,4.37
-61.410763,30.76099,-3.73
-61.402716,30.778413,0.31
-61.394563,30.794816,4.37
-61.385165,30.810448,2.34
-61.376816,30.826231,4.37
-61.369328,30.842796,2.34
-61.360703,30.858578,2.34
-61.351303,30.874188,2.34
-61.342485,30.889713,2.34
-61.333215,30.904851,2.34
-61.322078,30.919453,2.34
-61.309976,30.934345,0.31
-61.298818,30.95031,4.37
-61.286223,30.965395,2.34
-61.274463,30.98005,2.34
-61.263756,30.99402,4.37
-61.251096,31.007623,4.37
-61.238845,31.01979,4.37
-61.227085,31.030711,2.34
-61.21509,31.042428,0.31
-61.203653,31.05438,0.31
-61.192023,31.066288,2.34
-61.179643,31.078498,2.34
-61.167346,31.090633,4.37
-61.155503,31.101973,4.37
-61.14443,31.113796,6.4
-61.133788,31.126145,6.4
-61.12411,31.138515,4.37
-61.115935,31.15021,4.37
-61.10776,31.162408,4.37
-61.101215,31.174993,2.34
-61.096236,31.187075,4.37
-61.089585,31.198575,4.37
-61.082225,31.210291,6.4
-61.075101,31.22248,8.43
-61.066796,31.235065,14.51
-61.058213,31.247445,14.51
-61.049438,31.259686,16.54
-61.038558,31.27078,26.7
-61.027893,31.280446,16.54
-61.017938,31.289963,12.48
-61.007445,31.29934,6.4
-60.999183,31.308375,4.37
-60.985536,31.309586,2.34
-60.982983,31.321731,6.4
-60.984378,31.337085,6.4
-60.985065,31.351096,4.37
-60.981503,31.363981,2.34
-60.977511,31.375021,4.37
-60.974143,31.386533,4.37
-60.971396,31.397981,8.43
-60.970881,31.41048,8.43
-60.972598,31.42357,12.48
-60.975236,31.436776,4.37
-60.978626,31.449951,6.4
-60.98324,31.462633,2.34
-60.987983,31.474811,4.37
-60.992638,31.486891,6.4
-60.996565,31.49909,4.37
-61.002101,31.511031,4.37
-61.008603,31.522478,6.4
-61.012273,31.533315,4.37
-61.017015,31.542595,4.37
-61.015985,31.549055,4.37
-61.01474,31.552015,4.37
-61.013345,31.55561,-1.7
-61.006328,31.55915,8.43
-60.995213,31.565136,6.4
-60.977555,31.571541,4.37
-60.959358,31.576208,4.37
-60.939295,31.579685,8.43
-60.914898,31.578398,4.37
-60.891015,31.576263,10.46
-60.867026,31.575393,10.46
-60.842628,31.57416,2.34
-60.81954,31.571778,0.31
-60.796151,31.56799,0.31
-60.773385,31.562498,4.37
-60.750381,31.557583,2.34
-60.727551,31.55194,0.31
-60.705041,31.546425,2.34
-60.682746,31.53927,2.34
-60.660323,31.533498,0.31
-60.63788,31.52852,0.31
-60.616786,31.522275,-1.7
-60.594878,31.51602,2.34
-60.573741,31.510076,2.34
-60.551833,31.505291,0.31
-60.531063,31.498403,6.4
-60.510763,31.491495,4.37
-60.490208,31.487106,4.37
-60.469673,31.481226,2.34
-60.449566,31.475068,4.37
-60.429396,31.469081,4.37
-60.410085,31.46229,6.4
-60.390128,31.457913,4.37
-60.370903,31.45315,4.37
-60.351441,31.448181,0.31
-60.332386,31.443503,2.34
-60.313696,31.4408,4.37
-60.294685,31.43771,2.34
-60.276811,31.433611,6.4
-60.259258,31.428838,2.34
-60.241728,31.426628,4.37
-60.225076,31.423731,6.4
-60.208425,31.421616,4.37
-60.192225,31.419278,6.4
-60.176711,31.420093,4.37
-60.16182,31.422175,6.4
-60.147078,31.423751,6.4
-60.132723,31.423751,8.43
-60.118581,31.424128,6.4
-60.103883,31.42563,4.37
-60.090043,31.428838,6.4
-60.076268,31.43093,4.37
-60.0626,31.431948,6.4
-60.048758,31.43211,6.4
-60.035713,31.43418,2.34
-60.022773,31.43578,4.37
-60.009383,31.43874,6.4
-59.995586,31.442528,6.4
-59.980888,31.446283,4.37
-59.96589,31.449523,4.37
-59.95104,31.45331,10.46
-59.936213,31.455476,0.31
-59.92203,31.456968,-1.7
-59.908661,31.4595,2.34
-59.89568,31.46302,0.31
-59.883428,31.466238,2.34
-59.871798,31.470046,2.34
-59.860125,31.472771,2.34
-59.848043,31.476033,2.34
-59.83532,31.478963,4.37
-59.824311,31.482643,0.31
-59.812703,31.484435,0.31
-59.800773,31.487718,8.43
-59.78925,31.490368,6.4
-59.778435,31.492051,2.34
-59.767426,31.4929,4.37
-59.756441,31.4932,4.37
-59.741978,31.495378,4.37
-59.725778,31.496643,4.37
-59.70887,31.500528,2.34
-59.69239,31.505925,4.37
-59.677198,31.511781,-1.7
-59.662006,31.515558,-7.79
-59.646535,31.518326,0.31
-59.631921,31.521803,2.34
-59.615721,31.531073,2.34
-59.602418,31.536148,0.31
-59.58935,31.540256,4.37
-59.575273,31.543078,4.37
-59.562078,31.547938,0.31
-59.548473,31.55325,-1.7
-59.534976,31.555051,0.31
-59.523131,31.555288,-1.7
-59.508561,31.559483,-1.7
-59.493498,31.563388,-3.73
-59.47865,31.567958,-3.73
-59.463693,31.572078,-7.79
-59.448931,31.57592,-3.73
-59.43389,31.578763,0.31
-59.419255,31.582195,0.31
-59.404278,31.585253,0.31
-59.389621,31.589201,-1.7
-59.375051,31.593096,0.31
-59.35926,31.59565,4.37
-59.343681,31.598406,2.34
-59.328553,31.601465,2.34
-59.312546,31.602205,2.34
-59.29656,31.60419,2.34
-59.281433,31.608331,0.31
-59.265683,31.612955,2.34
-59.24886,31.614725,4.37
-59.233131,31.619038,2.34
-59.217338,31.624993,2.34
-59.200988,31.630056,0.31
-59.185603,31.63732,-1.7
-59.169188,31.643833,-1.7
-59.152515,31.649851,-1.7
-59.135756,31.656846,-1.7
-59.118826,31.663038,-3.73
-59.101273,31.668638,2.34
-59.084301,31.674721,0.31
-59.068701,31.682488,0.31
-59.05366,31.690781,2.34
-59.037395,31.69737,4.37
-59.021601,31.704536,0.31
-59.00568,31.711006,0.31
-58.990423,31.718323,2.34
-58.974588,31.724471,0.31
-58.959696,31.731273,2.34
-58.94444,31.737475,2.34
-58.928796,31.743686,0.31
-58.913198,31.749426,4.37
-58.898113,31.753953,2.34
-58.883586,31.759811,2.34
-58.867706,31.764381,0.31
-58.848008,31.768813,4.37
-58.828353,31.774638,0.31
-58.808891,31.779725,2.34
-58.790566,31.784798,0.31
-58.773358,31.790528,4.37
-58.756235,31.793071,4.37
-58.739926,31.79335,2.34
-58.722503,31.790528,8.43
-58.705036,31.787975,6.4
-58.687055,31.788093,10.46
-58.668923,31.785753,2.34
-58.649998,31.784176,4.37
-58.631673,31.783371,4.37
-58.613261,31.780775,2.34
-58.594551,31.779971,4.37
-58.575753,31.777363,4.37
-58.556893,31.773951,4.37
-58.538568,31.771516,4.37
-58.520006,31.76804,2.34
-58.50166,31.76597,8.43
-58.483056,31.763845,0.31
-58.464216,31.766226,4.37
-58.445828,31.763781,0.31
-58.42731,31.757623,2.34
-58.407848,31.753438,2.34
-58.388063,31.750638,2.34
-58.367893,31.748728,4.37
-58.349011,31.747023,8.43
-58.329913,31.74241,-3.73
-58.31116,31.736991,-3.73
-58.292255,31.73108,2.34
-58.273673,31.725168,4.37
-58.255433,31.719675,2.34
-58.23698,31.714761,4.37
-58.218461,31.709311,0.31
-58.200481,31.703388,2.34
-58.182198,31.699301,0.31
-58.16353,31.6965,2.34
-58.14482,31.692348,2.34
-58.126516,31.68824,4.37
-58.108191,31.68588,0.31
-58.089588,31.684966,0.31
-58.089588,31.684966,0.31
-58.071048,31.682425,0.31
-58.052723,31.680353,0.31
-58.034355,31.67956,-3.73
-58.015838,31.678305,-1.7
-57.998221,31.676213,-1.7
-57.980281,31.672425,0.31
-57.962558,31.671385,-3.73
-57.94462,31.66984,-1.7
-57.92711,31.665741,0.31
-57.909536,31.664861,0.31
-57.892005,31.66439,0.31
-57.87411,31.662071,4.37
-57.856556,31.659721,2.34
-57.839326,31.657598,6.4
-57.821603,31.656321,2.34
-57.8039,31.655945,8.43
-57.787098,31.652888,-1.7
-57.769331,31.65145,0.31
-57.751543,31.649958,4.37
-57.73412,31.647158,0.31
-57.71719,31.6457,2.34
-57.699465,31.644111,-1.7
-57.68202,31.641493,2.34
-57.66449,31.639991,4.37
-57.647451,31.638446,6.4
-57.630436,31.634531,2.34
-57.614278,31.629735,0.31
-57.598013,31.623351,2.34
-57.581191,31.618726,0.31
-57.564346,31.614446,2.34
-57.547695,31.610798,-1.7
-57.530743,31.608491,0.31
-57.514565,31.604115,0.31
-57.499523,31.598075,0.31
-57.484545,31.591873,2.34
-57.469825,31.585135,2.34
-57.454655,31.578151,4.37
-57.439806,31.571553,-1.7
-57.423906,31.566263,2.34
-57.408993,31.559246,2.34
-57.393543,31.552498,4.37
-57.377256,31.54738,4.37
-57.362173,31.541233,2.34
-57.347495,31.535375,4.37
-57.33299,31.52971,0.31
-57.318871,31.52529,-1.7
-57.304858,31.52057,-1.7
-57.291683,31.516416,-3.73
-57.278551,31.510485,-11.84
-57.265205,31.504873,2.34
-57.252138,31.500303,0.31
-57.237846,31.496,-3.73
-57.222891,31.49363,0.31
-57.209115,31.489551,0.31
-57.19521,31.485603,0.31
-57.181821,31.481601,-1.7
-57.167766,31.477686,-5.76
-57.153325,31.473018,-3.73
-57.139335,31.467396,0.31
-57.124443,31.462418,-1.7
-57.111461,31.45596,2.34
-57.097728,31.449898,-1.7
-57.083201,31.444051,-3.73
-57.068825,31.438418,-7.79
-57.055885,31.431691,-5.76
-57.04402,31.423891,-7.79
-57.031381,31.416553,-5.76
-57.019643,31.409365,-3.73
-57.008378,31.402928,-1.7
-56.996683,31.396801,-1.7
-56.986856,31.389666,-3.73
-56.976793,31.38294,-3.73
-56.965891,31.376426,-1.7
-56.954498,31.371373,0.31
-56.941966,31.365601,-3.73
-56.929371,31.358993,-1.7
-56.919865,31.34983,0.31
-56.909071,31.340861,0.31
-56.895855,31.333963,2.34
-56.882636,31.324145,-1.7
-56.868625,31.311443,-3.73
-56.852853,31.300403,-3.73
-56.838991,31.288021,-7.79
-56.825108,31.27577,-5.76
-56.81159,31.262755,-5.76
-56.802535,31.25032,0.31
-56.80968,31.258743,-1.7
-56.815281,31.268623,0.31
-56.821696,31.277431,0.31
-56.813821,31.271178,-1.7
-56.802856,31.259418,0.31
-56.788416,31.2503,-1.7
-56.779575,31.238121,-1.7
-56.76846,31.226406,-1.7
-56.759255,31.214261,0.31
-56.751208,31.200078,0.31
-56.744235,31.186333,0.31
-56.735158,31.174135,2.34
-56.724536,31.162816,2.34
-56.715138,31.150295,0.31
-56.70574,31.136991,0.31
-56.700783,31.122605,0.31
-56.69617,31.108915,0.31
-56.692993,31.096576,2.34
-56.687973,31.08735,0.31
-56.684045,31.077746,2.34
-56.684581,31.0688,2.34
-56.685783,31.061503,6.4
-56.687521,31.054176,2.34
-56.689003,31.047341,2.34
-56.687821,31.042116,4.37
-56.689753,31.039381,8.43
-56.691191,31.033823,6.4
-56.688851,31.027483,4.37
-56.687973,31.017151,2.34
-56.68881,31.014018,6.4
-56.692285,31.018406,0.31
-56.696685,31.021871,0.31
-56.70119,31.022955,4.37
-56.704065,31.028148,4.37
-56.706598,31.033115,6.4
-56.709301,31.036495,6.4
-56.71104,31.036526,2.34
-56.713915,31.036613,4.37
-56.719215,31.036903,6.4
-56.724128,31.03761,8.43
-56.727991,31.038983,0.31
-56.730351,31.040346,2.34
-56.734235,31.041033,2.34
-56.737431,31.041633,6.4
-56.74078,31.0423,-1.7
-56.742003,31.041623,0.31
-56.742925,31.041055,6.4
-56.743955,31.0407,6.4
-56.745156,31.040206,8.43
-56.747946,31.039413,8.43
-56.750265,31.038801,8.43
-56.752838,31.037868,4.37
-56.755671,31.036816,2.34
-56.757388,31.036763,4.37
-56.759061,31.036601,4.37
-56.759963,31.03658,4.37
-56.760135,31.033726,2.34
-56.761701,31.032633,0.31
-56.762495,31.032568,0.31
-56.760413,31.03334,0.31
-56.758096,31.032611,2.34
-56.75505,31.029983,2.34
-56.748933,31.027621,2.34
-56.737796,31.026185,2.34
-56.727648,31.024768,2.34
-56.718936,31.025036,4.37
-56.711833,31.022665,4.37
-56.701491,31.020401,8.43
-56.691105,31.018943,0.31
-56.680548,31.016731,-1.7
-56.66866,31.013073,0.31
-56.65894,31.009393,-1.7
-56.647953,31.0061,2.34
-56.633341,31.001573,6.4
-56.619351,31.000016,4.37
-56.606261,30.998193,4.37
-56.5921,30.99698,2.34
-56.576971,30.994385,6.4
-56.562723,30.990533,4.37
-56.549141,30.985361,8.43
-56.535193,30.983236,2.34
-56.52101,30.980361,0.31
-56.506205,30.976993,4.37
-56.491335,30.973526,-1.7
-56.476893,30.970501,-1.7
-56.461208,30.96428,2.34
-56.447925,30.962326,4.37
-56.43239,30.962776,4.37
-56.41561,30.96562,6.4
-56.398251,30.967111,8.43
-56.380806,30.969751,2.34
-56.36334,30.970576,0.31
-56.346195,30.97269,6.4
-56.327461,30.974075,4.37
-56.309073,30.974085,0.31
-56.287958,30.972518,4.37
-56.267595,30.973098,6.4
-56.246975,30.973088,2.34
-56.226976,30.974836,2.34
-56.206118,30.975533,0.31
-56.185411,30.976671,2.34
-56.165756,30.978408,-1.7
-56.145758,30.982046,-3.73
-56.126746,30.984181,6.4
-56.106383,30.985018,-1.7
-56.08617,30.984245,10.46
-56.066408,30.982228,14.51
-56.04626,30.979556,8.43
-56.026346,30.976928,-1.7
-56.00667,30.974643,-1.7
-55.986563,30.972315,-1.7
-55.967466,30.969043,0.31
-55.947855,30.963625,2.34
-55.927405,30.959955,0.31
-55.907706,30.954408,2.34
-55.887988,30.949601,2.34
-55.867431,30.943905,4.37
-55.845951,30.942563,2.34
-55.825825,30.940096,0.31
-55.805353,30.94133,-1.7
-55.786706,30.946791,-1.7
-55.767696,30.9512,0.31
-55.748791,30.955213,0.31
-55.731325,30.961543,0.31
-55.713365,30.965866,0.31
-55.693623,30.968035,0.31
-55.673303,30.97062,-1.7
-55.651975,30.972551,0.31
-55.631031,30.973216,2.34
-55.610175,30.974633,2.34
-55.589253,30.974825,2.34
-55.573911,30.982003,2.34
-55.556401,30.988601,0.31
-55.539493,30.996895,-1.7
-55.522435,31.004383,0.31
-55.505911,31.01389,-3.73
-55.489218,31.021635,-3.73
-55.473018,31.029156,-5.76
-55.456645,31.036011,-5.76
-55.439843,31.044166,-5.76
-55.423321,31.055001,-3.73
-55.407528,31.065195,-3.73
-55.391671,31.073295,-1.7
-55.377638,31.080021,-3.73
-55.362188,31.086576,0.31
-55.344936,31.091973,0.31
-55.326848,31.097251,0.31
-55.309403,31.103485,2.34
-55.292065,31.109268,2.34
-55.273826,31.113345,2.34
-55.255608,31.117605,2.34
-55.236983,31.12284,0.31
-55.2178,31.127528,0.31
-55.199796,31.132658,2.34
-55.183146,31.13977,-1.7
-55.166366,31.147453,2.34
-55.150015,31.156378,2.34
-55.133428,31.164103,2.34
-55.117163,31.172106,2.34
-55.101006,31.180421,0.31
-55.084248,31.18804,0.31
-55.068133,31.196676,-1.7
-55.050966,31.204348,-1.7
-55.034851,31.214068,2.34
-55.017965,31.222843,0.31
-55.000691,31.230986,6.4
-54.982903,31.238346,0.31
-54.965286,31.24574,2.34
-54.948098,31.254236,6.4
-54.931105,31.262605,4.37
-54.913058,31.26959,2.34
-54.895076,31.277218,0.31
-54.878081,31.285425,2.34
-54.86111,31.29358,2.34
-54.844071,31.300981,4.37
-54.827098,31.307763,-1.7
-54.810405,31.315873,2.34
-54.793861,31.32508,2.34
-54.77781,31.333791,0.31
-54.761503,31.341816,-1.7
-54.744765,31.350076,4.37
-54.72702,31.356868,2.34
-54.709038,31.363756,-1.7
-54.692195,31.370901,0.31
-54.674878,31.377511,0.31
-54.659021,31.385203,4.37
-54.642798,31.392156,4.37
-54.627091,31.400385,2.34
-54.611298,31.407048,2.34
-54.594648,31.415061,0.31
-54.577675,31.411811,-1.7
-54.562161,31.403025,0.31
-54.546625,31.396083,2.34
-54.530811,31.389891,4.37
-54.51622,31.385031,4.37
-54.502766,31.381888,4.37
-54.489311,31.379013,4.37
-54.476095,31.37749,0.31
-54.464141,31.376063,2.34
-54.451375,31.376008,0.31
-54.438328,31.376825,4.37
-54.42451,31.379721,2.34
-54.409983,31.38294,2.34
-54.398073,31.386963,2.34
-54.38404,31.394205,0.31
-54.368055,31.400073,2.34
-54.353806,31.406746,2.34
-54.340331,31.415158,0.31
-54.329366,31.421681,2.34
-54.317821,31.429878,4.37
-54.307265,31.438365,2.34
-54.296708,31.449255,6.4
-54.286536,31.46038,4.37
-54.277225,31.472911,6.4
-54.267868,31.48584,6.4
-54.259973,31.499583,8.43
-54.252055,31.51468,10.46
-54.246068,31.530793,6.4
-54.237248,31.546983,6.4
-54.23034,31.564031,4.37
-54.23152,31.583161,10.46
-54.22903,31.602666,12.48
-54.22888,31.622815,12.48
-54.224095,31.6404,4.37
-54.214331,31.654593,2.34
-54.201135,31.6697,4.37
-54.187381,31.683711,4.37
-54.16985,31.694988,2.34
-54.152426,31.706243,6.4
-54.138221,31.719856,2.34
-54.126763,31.731583,4.37
-54.117043,31.743536,4.37
-54.10655,31.755391,4.37
-54.095113,31.770465,4.37
-54.08344,31.786623,2.34
-54.07224,31.802448,4.37
-54.061296,31.818745,4.37
-54.048786,31.83516,6.4
-54.03677,31.851758,6.4
-54.025568,31.869245,6.4
-54.013423,31.884845,2.34
-54.001986,31.90185,2.34
-53.98982,31.918501,2.34
-53.977761,31.934263,2.34
-53.964458,31.949808,0.31
-53.951068,31.965055,-5.76
-53.931648,31.975428,-9.81
-53.916563,31.986458,-7.79
-53.904311,32.000888,-9.81
-53.893003,32.017755,2.34
-53.879721,32.033815,4.37
-53.867018,32.050445,0.31
-53.85395,32.067771,4.37
-53.841055,32.084336,0.31
-53.826226,32.10043,0.31
-53.8117,32.116695,-3.73
-53.79492,32.130621,-1.7
-53.780458,32.14619,-3.73
-53.767305,32.16254,-5.76
-53.75267,32.17858,-1.7
-53.737478,32.194028,-3.73
-53.724346,32.210711,-3.73
-53.711106,32.227181,-3.73
-53.69643,32.242588,-3.73
-53.681538,32.257146,6.4
-53.665745,32.27147,0.31
-53.651496,32.286705,-1.7
-53.637013,32.300255,0.31
-53.621585,32.31328,0.31
-53.606565,32.32697,2.34
-53.591673,32.341915,2.34
-53.574808,32.355186,0.31
-53.55571,32.365153,0.31
-53.537085,32.37643,-1.7
-53.516871,32.386408,0.31
-53.499383,32.397661,0.31
-53.48151,32.409946,0.31
-53.465416,32.423561,-1.7
-53.447713,32.437263,-3.73
-53.42808,32.449386,-5.76
-53.407266,32.459975,-3.73
-53.38628,32.469685,-3.73
-53.364845,32.479426,-5.76
-53.343836,32.488815,-3.73
-53.32268,32.498771,-1.7
-53.303196,32.508458,-5.76
-53.283176,32.518125,-5.76
-53.262513,32.529283,-5.76
-53.243436,32.536868,-1.7
-53.22685,32.550345,-1.7
-53.211358,32.563626,-1.7
-53.196208,32.578336,-3.73
-53.182175,32.593871,0.31
-53.167863,32.609063,-1.7
-53.154645,32.624726,-1.7
-53.141878,32.640971,-1.7
-53.129883,32.657568,2.34
-53.118853,32.673961,0.31
-53.108016,32.690173,2.34
-53.096945,32.707038,2.34
-53.084241,32.723153,0.31
-53.071153,32.738721,0.31
-53.057806,32.753806,2.34
-53.047441,32.770478,2.34
-53.036456,32.786796,2.34
-53.024375,32.803051,-1.7
-53.01133,32.818533,0.31
-53.01133,32.818533,0.31
-52.999635,32.835098,2.34
-52.986675,32.850708,0.31
-52.975773,32.867135,2.34
-52.963671,32.883088,2.34
-52.954295,32.89916,0.31
-52.944831,32.91519,2.34
-52.936141,32.931358,2.34
-52.92537,32.946281,0.31
-52.914641,32.960798,0.31
-52.902946,32.974508,2.34
-52.891016,32.988681,0.31
-52.880523,33.003176,0.31
-52.870653,33.018411,0.31
-52.85928,33.03281,0.31
-52.848938,33.04679,-3.73
-52.836728,33.060565,-1.7
-52.824025,33.074533,2.34
-52.817823,33.088406,0.31
-52.815013,33.09905,0.31
-52.798168,33.09905,-3.73
-52.780015,33.104156,-1.7
-52.766518,33.112868,0.31
-52.76448,33.120925,-1.7
-52.753193,33.129443,2.34
-52.74122,33.137008,2.34
-52.729675,33.145913,2.34
-52.724976,33.156975,0.31
-52.722358,33.16766,-3.73
-52.715278,33.179043,0.31
-52.708755,33.190533,0.31
-52.697338,33.200255,0.31
-52.687383,33.21122,0.31
-52.676353,33.221155,-1.7
-52.665281,33.231206,2.34
-52.653715,33.24127,0.31
-52.64273,33.251238,-1.7
-52.631271,33.260185,-1.7
-52.619963,33.268543,-3.73
-52.609363,33.278285,0.31
-52.598118,33.287018,-1.7
-52.58533,33.296696,0.31
-52.57194,33.304013,-3.73
-52.556511,33.311383,2.34
-52.538981,33.316641,2.34
-52.519798,33.316973,4.37
-52.502353,33.318733,2.34
-52.482955,33.324151,0.31
-52.463043,33.330235,2.34
-52.443538,33.336993,4.37
-52.42356,33.341606,4.37
-52.404205,33.3465,2.34
-52.385366,33.352228,2.34
-52.367298,33.358665,0.31
-52.348888,33.365661,4.37
-52.330713,33.372978,6.4
-52.313031,33.379855,6.4
-52.294878,33.38655,4.37
-52.276876,33.39465,6.4
-52.258315,33.400401,0.31
-52.238251,33.403436,0.31
-52.218683,33.406398,0.31
-52.20658,33.414111,2.34
-52.187955,33.420078,4.37
-52.167871,33.422706,4.37
-52.148043,33.42483,0.31
-52.127295,33.426761,2.34
-52.107425,33.430635,6.4
-52.08704,33.43513,6.4
-52.066955,33.438906,8.43
-52.046763,33.441416,6.4
-52.026615,33.444593,4.37
-52.007045,33.448186,4.37
-51.98739,33.45043,10.46
-51.968765,33.452113,6.4
-51.948788,33.453411,6.4
-51.929755,33.452703,12.48
-51.911345,33.452071,16.54
-51.89214,33.450966,2.34
-51.87315,33.448411,2.34
-51.855211,33.446578,0.31
-51.837143,33.44396,0.31
-51.820643,33.44027,-5.76
-51.804313,33.435538,-7.79
-51.787383,33.431696,-3.73
-51.771055,33.428048,-3.73
-51.755433,33.423275,-7.79
-51.740928,33.418081,-5.76
-51.724705,33.414681,0.31
-51.709641,33.41098,-1.7
-51.694365,33.407578,0.31
-51.675546,33.405131,-3.73
-51.656341,33.401656,-3.73
-51.63776,33.397256,-3.73
-51.620721,33.39067,-3.73
-51.603298,33.385241,-5.76
-51.585016,33.381496,-5.76
-51.566005,33.378235,-7.79
-51.547551,33.374501,-5.76
-51.529505,33.370466,-3.73
-51.510515,33.368771,-1.7
-51.492255,33.367946,10.46
-51.473521,33.361981,6.4
-51.453845,33.359235,4.37
-51.435585,33.35417,2.34
-51.417925,33.34843,0.31
-51.399943,33.344428,6.4
-51.382048,33.33812,0.31
-51.364323,33.330975,6.4
-51.345485,33.325985,2.34
-51.326623,33.3206,2.34
-51.307333,33.315825,2.34
-51.288943,33.30897,4.37
-51.270596,33.301395,2.34
-51.25725,33.293863,2.34
-51.23781,33.291266,4.37
-51.21852,33.290891,0.31
-51.199165,33.288563,0.31
-51.18099,33.28381,-1.7
-51.162493,33.278703,-1.7
-51.14434,33.27349,0.31
-51.125415,33.26894,0.31
-51.107583,33.264466,4.37
-51.089708,33.260765,0.31
-51.071233,33.257493,0.31
-51.053251,33.25465,-1.7
-51.036108,33.251335,2.34
-51.019456,33.247718,2.34
-51.002955,33.243588,2.34
-50.986025,33.2395,4.37
-50.96991,33.236303,2.34
-50.954053,33.233148,0.31
-50.937101,33.229833,0.31
-50.919228,33.226358,2.34
-50.901546,33.224308,2.34
-50.883993,33.221615,0.31
-50.86642,33.220918,0.31
-50.84994,33.216111,0.31
-50.833955,33.210705,2.34
-50.817025,33.208096,4.37
-50.801575,33.203505,4.37
-50.785953,33.198751,0.31
-50.772006,33.195211,2.34
-50.758725,33.193141,0.31
-50.744476,33.191693,2.34
-50.731988,33.190073,2.34
-50.718341,33.191391,8.43
-50.702483,33.191596,8.43
-50.685596,33.193698,4.37
-50.669975,33.193688,0.31
-50.656478,33.202056,0.31
-50.638946,33.204181,-1.7
-50.620321,33.20755,2.34
-50.601696,33.211336,0.31
-50.5829,33.214083,0.31
-50.564446,33.219533,0.31
-50.543718,33.223063,2.34
-50.523248,33.220993,4.37
-50.50312,33.220038,4.37
-50.48235,33.222226,4.37
-50.459496,33.228781,6.4
-50.437996,33.234446,6.4
-50.418211,33.243556,4.37
-50.399523,33.252611,2.34
-50.380103,33.25965,0.31
-50.361241,33.265175,2.34
-50.343711,33.27231,0.31
-50.326201,33.279786,4.37
-50.308821,33.289025,6.4
-50.289058,33.295751,4.37
-50.270691,33.303713,2.34
-50.256915,33.309946,2.34
-50.241938,33.315418,4.37
-50.226916,33.324033,2.34
-50.210095,33.331028,2.34
-50.195138,33.340201,6.4
-50.18102,33.347871,2.34
-50.164281,33.356638,0.31
-50.145163,33.35844,0.31
-50.126688,33.361926,0.31
-50.111175,33.362035,-3.73
-50.096733,33.373181,2.34
-50.084545,33.384973,4.37
-50.069481,33.389381,0.31
-50.052788,33.39832,2.34
-50.039076,33.409381,2.34
-50.02618,33.418961,2.34
-50.011718,33.427095,4.37
-49.998243,33.434948,2.34
-49.984703,33.441406,4.37
-49.966936,33.444893,2.34
-49.947645,33.441781,4.37
-49.929535,33.438038,4.37
-49.910481,33.434765,6.4
-49.891361,33.432361,8.43
-49.87117,33.43042,4.37
-49.851408,33.428125,2.34
-49.829478,33.426836,0.31
-49.805188,33.429208,6.4
-49.782721,33.43056,12.48
-49.762638,33.430088,12.48
-49.74603,33.428296,22.63
-49.727876,33.429121,22.63
-49.707126,33.42939,14.51
-49.687621,33.42792,12.48
-49.667923,33.42658,4.37
-49.64874,33.424583,4.37
-49.630545,33.4154,8.43
-49.614665,33.406065,2.34
-49.598593,33.39788,4.37
-49.582156,33.393545,6.4
-49.564455,33.39451,8.43
-49.550185,33.395723,8.43
-49.534671,33.398201,4.37
-49.517611,33.401688,4.37
-49.499201,33.408695,6.4
-49.48034,33.414723,6.4
-49.461951,33.420603,2.34
-49.444076,33.427383,6.4
-49.424958,33.4338,4.37
-49.407255,33.443198,6.4
-49.389466,33.452993,6.4
-49.370563,33.46163,4.37
-49.351293,33.468165,4.37
-49.33033,33.47546,4.37
-49.308915,33.482411,2.34
-49.287736,33.488816,0.31
-49.266215,33.496788,0.31
-49.246323,33.506336,-3.73
-49.22581,33.513353,0.31
-49.207313,33.523706,-1.7
-49.188558,33.533696,0.31
-49.167445,33.541163,2.34
-49.146781,33.5498,4.37
-49.126225,33.558758,2.34
-49.106033,33.564358,4.37
-49.086185,33.568436,0.31
-49.066958,33.566225,0.31
-49.049663,33.56394,-1.7
-49.028441,33.569658,0.31
-49.00649,33.571858,0.31
-48.98499,33.573413,-3.73
-48.962845,33.57526,-1.7
-48.94186,33.578671,-1.7
-48.921625,33.583478,0.31
-48.901691,33.584528,-1.7
-48.882401,33.582448,4.37
-48.862725,33.580978,2.34
-48.843776,33.581331,6.4
-48.825451,33.578693,6.4
-48.80717,33.57792,8.43
-48.788288,33.576525,8.43
-48.770906,33.574883,2.34
-48.753096,33.576181,6.4
-48.734106,33.577533,4.37
-48.715546,33.57895,6.4
-48.697393,33.580108,6.4
-48.679175,33.58131,8.43
-48.660656,33.584486,4.37
-48.642203,33.587748,2.34
-48.624523,33.591588,4.37
-48.605725,33.594496,4.37
-48.58813,33.597618,4.37
-48.568755,33.598551,6.4
-48.54985,33.602006,4.37
-48.531546,33.60676,4.37
-48.512428,33.609591,4.37
-48.493501,33.613571,4.37
-48.474533,33.619386,4.37
-48.454985,33.62253,4.37
-48.436403,33.625245,2.34
-48.416811,33.629558,4.37
-48.3975,33.631468,6.4
-48.377373,33.634503,8.43
-48.358791,33.640051,2.34
-48.340595,33.643945,0.31
-48.321605,33.646831,6.4
-48.302506,33.652281,4.37
-48.28341,33.656423,2.34
-48.263325,33.661261,6.4
-48.243391,33.664673,4.37
-48.224573,33.664491,4.37
-48.206591,33.666668,6.4
-48.189811,33.670778,6.4
-48.17256,33.677795,6.4
-48.154643,33.684381,4.37
-48.13752,33.694125,6.4
-48.118721,33.697933,6.4
-48.100761,33.698663,8.43
-48.081321,33.698651,8.43
-48.060721,33.700078,4.37
-48.040058,33.703028,8.43
-48.018751,33.707041,2.34
-47.997315,33.712675,6.4
-47.976736,33.718285,4.37
-47.955386,33.722051,0.31
-47.935688,33.726,2.34
-47.916333,33.732061,2.34
-47.897966,33.73793,0.31
-47.878568,33.74396,0.31
-47.86048,33.753293,0.31
-47.842005,33.761361,0.31
-47.822778,33.767101,2.34
-47.803015,33.7737,4.37
-47.783553,33.78047,0.31
-47.765121,33.786596,2.34
-47.745573,33.79327,0.31
-47.727205,33.799728,4.37
-47.70828,33.805135,2.34
-47.689183,33.8111,4.37
-47.669528,33.817548,6.4
-47.650345,33.824865,8.43
-47.631225,33.831078,10.46
-47.611935,33.837621,12.48
-47.591765,33.84348,4.37
-47.571895,33.848221,2.34
-47.551725,33.85127,8.43
-47.532713,33.857771,6.4
-47.512843,33.864563,8.43
-47.493295,33.872265,6.4
-47.474863,33.881041,6.4
-47.456045,33.888435,6.4
-47.436948,33.893295,8.43
-47.417915,33.90236,8.43
-47.40017,33.913486,8.43
-47.382166,33.921415,10.46
-47.363433,33.928398,6.4
-47.345195,33.935823,6.4
-47.328823,33.946058,8.43
-47.311206,33.954535,6.4
-47.295391,33.968053,4.37
-47.276895,33.979028,4.37
-47.2593,33.988351,6.4
-47.240953,33.999541,6.4
-47.223723,34.011053,6.4
-47.204755,34.019905,8.43
-47.184391,34.024218,8.43
-47.165015,34.030441,6.4
-47.147011,34.038488,2.34
-47.129738,34.047188,6.4
-47.112206,34.0559,4.37
-47.096178,34.066125,6.4
-47.080643,34.078753,10.46
-47.0647,34.090866,8.43
-47.047533,34.099523,10.46
-47.031763,34.109286,10.46
-47.01906,34.1245,10.46
-47.003953,34.137655,10.46
-46.983976,34.145346,8.43
-46.963935,34.154423,10.46
-46.94443,34.161623,10.46
-46.924775,34.168285,6.4
-46.904948,34.176053,8.43
-46.884991,34.182415,6.4
-46.865273,34.189936,4.37
-46.846281,34.192328,10.46
-46.828,34.194516,4.37
-46.810148,34.198873,10.46
-46.79326,34.209258,4.37
-46.776095,34.216146,6.4
-46.758348,34.221113,4.37
-46.740496,34.227583,6.4
-46.720561,34.231778,8.43
-46.700135,34.23196,6.4
-46.680156,34.230373,10.46
-46.659858,34.230663,-5.76
-46.640353,34.228195,6.4
-46.622028,34.222938,4.37
-46.605785,34.216125,4.37
-46.588748,34.211318,2.34
-46.570916,34.210566,0.31
-46.553535,34.209998,2.34
-46.535896,34.209698,2.34
-46.51725,34.210331,2.34
-46.49826,34.213818,4.37
-46.480558,34.219108,0.31
-46.462468,34.222808,8.43
-46.444488,34.225963,0.31
-46.426313,34.230265,0.31
-46.409061,34.236735,2.34
-46.397388,34.248761,0.31
-46.38505,34.258653,0.31
-46.367905,34.262376,-1.7
-46.350395,34.266528,0.31
-46.333873,34.27081,0.31
-46.317221,34.275273,-1.7
-46.302501,34.282396,-3.73
-46.287781,34.29084,-1.7
-46.269565,34.296226,0.31
-46.251433,34.300088,-3.73
-46.233666,34.305861,4.37
-46.215535,34.310313,4.37
-46.197896,34.314905,4.37
-46.180258,34.319315,8.43
-46.161268,34.321878,4.37
-46.143286,34.326385,8.43
-46.123695,34.330011,6.4
-46.10316,34.33088,4.37
-46.083118,34.327898,8.43
-46.06312,34.32911,6.4
-46.04295,34.328488,4.37
-46.022308,34.326493,2.34
-46.001836,34.324583,4.37
-45.981623,34.321406,4.37
-45.961131,34.319561,6.4
-45.940425,34.31645,4.37
-45.920105,34.312051,2.34
-45.900728,34.308038,4.37
-45.883476,34.302235,4.37
-45.866246,34.296838,4.37
-45.850968,34.294853,6.4
-45.834488,34.290658,4.37
-45.817838,34.289981,6.4
-45.80183,34.290561,4.37
-45.7849,34.291323,6.4
-45.768248,34.293083,8.43
-45.751683,34.294498,12.48
-45.735075,34.294841,6.4
-45.719303,34.297073,6.4
-45.702781,34.297181,6.4
-45.687653,34.300218,4.37
-45.671625,34.301011,6.4
-45.656411,34.302706,6.4
-45.641326,34.305078,4.37
-45.626285,34.306901,2.34
-45.612831,34.310785,4.37
-45.599785,34.31541,2.34
-45.585193,34.318275,6.4
-45.571481,34.320688,4.37
-45.558436,34.321235,4.37
-45.54614,34.323338,10.46
-45.534831,34.323038,8.43
-45.524081,34.326053,4.37
-45.515756,34.32895,4.37
-45.504791,34.326375,2.34
-45.497131,34.330495,2.34
-45.48608,34.333873,6.4
-45.476681,34.33897,0.31
-45.465846,34.34383,2.34
-45.454451,34.344688,0.31
-45.443766,34.348798,2.34
-45.432886,34.352348,2.34
-45.423638,34.356555,2.34
-45.413896,34.359591,4.37
-45.402825,34.358228,6.4
-45.391001,34.355568,8.43
-45.379951,34.353003,4.37
-45.367526,34.35236,6.4
-45.355875,34.353561,4.37
-45.345361,34.351533,2.34
-45.337015,34.346105,0.31
-45.3265,34.347425,4.37
-45.31738,34.348496,4.37
-45.307681,34.349205,10.46
-45.298283,34.35134,6.4
-45.288241,34.353818,8.43
-45.27674,34.35487,6.4
-45.265345,34.35266,8.43
-45.253286,34.347328,8.43
-45.241248,34.344893,6.4
-45.229318,34.342425,4.37
-45.216593,34.34352,4.37
-45.204105,34.340761,6.4
-45.191166,34.340923,4.37
-45.178721,34.343745,4.37
-45.166081,34.346286,4.37
-45.154666,34.347038,6.4
-45.143165,34.351866,6.4
-45.131665,34.350418,6.4
-45.11982,34.350418,6.4
-45.10819,34.35427,4.37
-45.09892,34.36238,2.34
-45.087826,34.36635,6.4
-45.076003,34.370716,4.37
-45.062978,34.370363,4.37
-45.054395,34.369193,4.37
-45.052871,34.36914,6.4
-45.051455,34.36827,4.37
-45.05006,34.365963,4.37
-45.048536,34.363903,8.43
-45.046606,34.362005,6.4
-45.044825,34.361061,10.46
-45.043366,34.35928,4.37
-45.041735,34.358056,2.34
-45.040748,34.355815,2.34
-45.03931,34.353701,4.37
-45.03725,34.351683,8.43
-45.034653,34.35015,6.4
-45.032121,34.348711,12.48
-45.030255,34.346341,8.43
-45.028495,34.343701,10.46
-45.027121,34.341233,6.4
-45.02547,34.339088,6.4
-45.023581,34.337156,6.4
-45.021543,34.335171,8.43
-45.02017,34.332726,6.4
-45.018368,34.330311,6.4
-45.016543,34.32764,10.46
-45.015406,34.324776,6.4
-45.014398,34.321943,8.43
-45.012746,34.319711,6.4
-45.011351,34.317426,4.37
-45.010321,34.314401,4.37
-45.009806,34.311043,8.43
-45.00927,34.307491,2.34
-45.00899,34.304048,6.4
-45.009698,34.300668,6.4
-45.011115,34.297321,6.4
-45.013646,34.300163,4.37
-45.015041,34.299691,4.37
-45.016865,34.298758,4.37
-45.018325,34.29761,2.34
-45.019676,34.296966,6.4
-45.021178,34.295915,2.34
-45.022938,34.295153,0.31
-45.02459,34.294326,-3.73
-45.026113,34.293136,2.34
-45.027808,34.29215,10.46
-45.029225,34.291291,10.46
-45.031028,34.290175,2.34
-45.032916,34.28907,0.31
-45.03519,34.287793,2.34
-45.037228,34.286635,-1.7
-45.03974,34.285498,0.31
-45.04195,34.284306,0.31
-45.044396,34.283276,0.31
-45.046756,34.281968,2.34
-45.049245,34.28097,-1.7
-45.052013,34.280455,-1.7
-45.054501,34.280155,-5.76
-45.05712,34.279918,-7.79
-45.05946,34.279456,-7.79
-45.061926,34.279265,-5.76
-45.064245,34.279093,4.37
-45.066733,34.278566,4.37
-45.069136,34.278438,4.37
-45.071475,34.278191,6.4
-45.069393,34.28111,6.4
-45.064695,34.290755,4.37
-45.06109,34.302653,4.37
-45.056326,34.313918,4.37
-45.053,34.325023,4.37
-45.051928,34.3347,4.37
-45.0471,34.345203,6.4
-45.04373,34.358056,8.43
-45.038473,34.371178,8.43
-45.034825,34.383751,4.37
-45.027658,34.395821,4.37
-45.023431,34.406755,4.37
-45.01987,34.418235,6.4
-45.01532,34.430101,6.4
-45.011565,34.44318,6.4
-45.009076,34.456665,8.43
-45.005386,34.470258,6.4
-45.000343,34.483498,12.48
-44.994978,34.49781,12.48
-44.986631,34.511618,10.46
-44.982876,34.522798,0.31
-44.976138,34.531263,6.4
-44.964938,34.541316,4.37
-44.960216,34.552603,4.37
-44.956461,34.56655,4.37
-44.94788,34.579478,2.34
-44.936035,34.589703,4.37
-44.923031,34.600281,6.4
-44.910628,34.610356,4.37
-44.90284,34.621116,2.34
-44.890673,34.631771,4.37
-44.876961,34.641448,4.37
-44.861018,34.649463,6.4
-44.849088,34.661093,4.37
-44.836706,34.672723,4.37
-44.823275,34.682658,4.37
-44.808618,34.689931,8.43
-44.79568,34.698471,8.43
-44.784951,34.708718,8.43
-44.776153,34.720926,4.37
-44.769673,34.735636,8.43
-44.76358,34.749445,8.43
-44.75403,34.762835,8.43
-44.7418,34.774871,6.4
-44.73238,34.78839,8.43
-44.717573,34.79899,2.34
-44.702231,34.808335,2.34
-44.68762,34.81679,4.37
-44.670345,34.821575,4.37
-44.655261,34.828451,4.37
-44.638996,34.834278,4.37
-44.623525,34.842753,8.43
-44.604813,34.848021,8.43
-44.586318,34.854071,2.34
-44.569345,34.862226,4.37
-44.550761,34.866978,4.37
-44.533231,34.873373,6.4
-44.518876,34.883061,4.37
-44.504178,34.892641,4.37
-44.485445,34.898961,6.4
-44.467956,34.906933,10.46
-44.450296,34.91454,12.48
-44.433753,34.92307,10.46
-44.417853,34.93235,8.43
-44.402318,34.941963,8.43
-44.38792,34.952058,10.46
-44.372535,34.960266,4.37
-44.356763,34.967905,6.4
-44.343953,34.978473,6.4
-44.329426,34.988418,8.43
-44.316315,34.99889,4.37
-44.304663,35.008631,6.4
-44.293013,35.018158,6.4
-44.281555,35.028888,6.4
-44.269258,35.040046,8.43
-44.258293,35.051086,6.4
-44.245956,35.061256,8.43
-44.232973,35.07101,14.51
-44.21746,35.079366,4.37
-44.203233,35.088776,2.34
-44.190036,35.099601,6.4
-44.17727,35.110501,4.37
-44.166176,35.12195,6.4
-44.156628,35.134663,6.4
-44.146671,35.147141,8.43
-44.135663,35.158953,10.46
-44.123646,35.170326,10.46
-44.111288,35.181408,10.46
-44.098048,35.191096,14.51
-44.084486,35.200818,12.48
-44.07275,35.212125,0.31
-44.05966,35.222876,14.51
-44.046678,35.233271,12.48
-44.036271,35.244108,16.54
-44.025565,35.255083,14.51
-44.015671,35.265866,8.43
-44.00578,35.277368,10.46
-43.995845,35.288998,8.43
-43.984773,35.30021,10.46
-43.976125,35.312408,14.51
-43.970353,35.325186,10.46
-43.963723,35.337653,10.46
-43.955698,35.348865,12.48
-43.9469,35.359281,8.43
-43.940935,35.371728,8.43
-43.937651,35.38574,10.46
-43.933166,35.399761,8.43
-43.928855,35.413785,10.46
-43.922953,35.426701,8.43
-43.918383,35.440145,12.48
-43.91304,35.453225,14.51
-43.907311,35.46699,16.54
-43.90171,35.480958,8.43
-43.89699,35.495216,8.43
-43.894093,35.510236,6.4
-43.890316,35.5253,6.4
-43.887076,35.540375,6.4
-43.882441,35.555116,4.37
-43.879545,35.569825,4.37
-43.876948,35.584673,2.34
-43.873751,35.599661,2.34
-43.871455,35.614681,0.31
-43.87124,35.630013,-1.7
-43.872141,35.645323,4.37
-43.872806,35.660311,4.37
-43.871948,35.675333,8.43
-43.870746,35.690406,4.37
-43.867743,35.705641,4.37
-43.864931,35.720555,2.34
-43.861541,35.735178,2.34
-43.859546,35.74978,4.37
-43.858838,35.763953,2.34
-43.859868,35.778371,2.34
-43.862678,35.793296,0.31
-43.86388,35.808188,0.31
-43.86564,35.823218,-1.7
-43.863666,35.838153,-5.76
-43.860855,35.852991,-5.76
-43.854868,35.867905,-3.73
-43.847701,35.882871,-3.73
-43.842788,35.898203,-5.76
-43.838175,35.913148,2.34
-43.835641,35.928405,0.31
-43.834355,35.94366,2.34
-43.830685,35.958853,4.37
-43.823346,35.973036,2.34
-43.819013,35.984473,4.37
-43.821073,35.994815,6.4
-43.82075,36.010501,4.37
-43.818711,36.026348,6.4
-43.815965,36.042065,6.4
-43.81264,36.05743,8.43
-43.80676,36.07217,10.46
-43.803735,36.087931,6.4
-43.800215,36.102983,6.4
-43.798413,36.118476,6.4
-43.796225,36.13355,8.43
-43.795581,36.14958,8.43
-43.796868,36.165233,6.4
-43.796268,36.180446,10.46
-43.795001,36.196593,8.43
-43.792855,36.213158,14.51
-43.790925,36.229756,12.48
-43.790431,36.246288,4.37
-43.790301,36.262865,2.34
-43.790645,36.279988,6.4
-43.791031,36.297005,4.37
-43.79204,36.313891,0.31
-43.792683,36.33182,4.37
-43.792748,36.349221,0.31
-43.79337,36.366623,4.37
-43.794873,36.384423,6.4
-43.794593,36.402726,8.43
-43.79438,36.421018,6.4
-43.794508,36.438968,8.43
-43.794186,36.457356,6.4
-43.793391,36.476003,6.4
-43.793306,36.494586,6.4
-43.795366,36.513265,6.4
-43.795816,36.531751,8.43
-43.79543,36.550161,8.43
-43.794786,36.568605,10.46
-43.792448,36.586918,8.43
-43.79056,36.604836,8.43
-43.78908,36.622013,8.43
-43.786826,36.639393,4.37
-43.784616,36.656473,2.34
-43.785131,36.673253,4.37
-43.784938,36.69043,4.37
-43.784551,36.707168,2.34
-43.783328,36.723486,6.4
-43.783071,36.74017,4.37
-43.781826,36.756036,8.43
-43.780175,36.771745,6.4
-43.780195,36.786893,4.37
-43.77938,36.802665,2.34
-43.77908,36.818028,4.37
-43.778156,36.833531,12.48
-43.777943,36.848423,10.46
-43.777813,36.864313,6.4
-43.779145,36.878796,4.37
-43.78011,36.893666,6.4
-43.780475,36.908741,8.43
-43.780131,36.923653,6.4
-43.78069,36.938588,6.4
-43.780903,36.953716,4.37
-43.783415,36.96909,6.4
-43.786268,36.984293,4.37
-43.788413,36.999271,6.4
-43.791181,37.014795,2.34
-43.793885,37.029795,-1.7
-43.796225,37.045415,-1.7
-43.798541,37.060855,2.34
-43.801696,37.075713,8.43
-43.804528,37.090735,8.43
-43.806503,37.10584,6.4
-43.810923,37.120303,4.37
-43.812833,37.135828,2.34
-43.815278,37.151631,4.37
-43.818068,37.167456,6.4
-43.82103,37.183141,4.37
-43.822681,37.198901,4.37
-43.825515,37.214845,4.37
-43.827553,37.230648,4.37
-43.830041,37.246473,6.4
-43.832895,37.26201,6.4
-43.83517,37.277351,6.4
-43.838325,37.292436,8.43
-43.840535,37.30779,8.43
-43.843775,37.322981,6.4
-43.846328,37.338313,8.43
-43.848666,37.353215,6.4
-43.849933,37.367966,6.4
-43.852615,37.382246,6.4
-43.854675,37.396635,4.37
-43.855963,37.411236,2.34
-43.856606,37.42557,4.37
-43.858901,37.439668,6.4
-43.860855,37.45397,4.37
-43.862506,37.46811,4.37
-43.864975,37.481756,4.37
-43.86697,37.495533,4.37
-43.867313,37.509513,8.43
-43.86813,37.522848,10.46
-43.870146,37.536045,10.46
-43.872141,37.548898,10.46
-43.87343,37.561558,6.4
-43.874588,37.57512,12.48
-43.876196,37.58792,6.4
-43.876133,37.600901,10.46
-43.875681,37.613658,8.43
-43.87682,37.625513,10.46
-43.878406,37.637668,12.48
-43.880081,37.649191,14.51
-43.882033,37.660188,8.43
-43.885231,37.670628,12.48
-43.88699,37.681013,8.43
-43.888878,37.690551,6.4
-43.890853,37.69951,4.37
-43.891281,37.707953,4.37
-43.89154,37.716986,0.31
-43.892526,37.725925,0.31
-43.891238,37.735451,-1.7
-43.890381,37.744441,-3.73
-43.8886,37.752531,-3.73
-43.88609,37.760825,-3.73
-43.884395,37.768185,-5.76
-43.88257,37.774633,-3.73
-43.87991,37.781821,0.31
-43.878643,37.78842,-1.7
-43.876926,37.795233,-1.7
-43.876005,37.801616,-1.7
-43.873836,37.808353,0.31
-43.871176,37.814855,-1.7
-43.86961,37.820456,-3.73
-43.86843,37.826711,-3.73
-43.867806,37.832643,-3.73
-43.868236,37.838395,-5.76
-43.86843,37.843758,-7.79
-43.86815,37.849585,-5.76
-43.867915,37.855946,-3.73
-43.867978,37.861408,-3.73
-43.867958,37.868145,-3.73
-43.868215,37.874433,-1.7
-43.869095,37.88028,-1.7
-43.868945,37.886138,-1.7
-43.868901,37.892381,-3.73
-43.869395,37.89882,-1.7
-43.869481,37.905481,-3.73
-43.869373,37.912016,-1.7
-43.870361,37.917626,-1.7
-43.871648,37.92371,2.34
-43.872721,37.929708,2.34
-43.873686,37.934858,2.34
-43.873686,37.941123,2.34
-43.8733,37.946551,4.37
-43.873,37.951626,2.34
-43.873106,37.95757,-1.7
-43.87521,37.962248,0.31
-43.878,37.965981,0.31
-43.880918,37.969415,0.31
-43.884008,37.971796,-1.7
-43.88802,37.977645,-1.7
-43.8942,37.985433,-3.73
-43.894586,37.98789,-5.76
-43.879436,37.97038,-3.73
-43.865898,37.951165,-1.7
-43.855705,37.932261,-1.7
-43.846285,37.91223,-3.73
-43.836243,37.892811,-1.7
-43.828711,37.880183,0.31
-43.817703,37.887125,0.31
-43.808305,37.896136,-1.7
-43.798413,37.906383,-7.79
-43.79144,37.917508,-7.79
-43.783135,37.929793,-7.79
-43.775496,37.942088,-3.73
-43.76906,37.953955,2.34
-43.761978,37.966475,4.37
-43.755068,37.979103,6.4
-43.749211,37.991495,2.34
-43.744618,38.003843,6.4
-43.739276,38.01601,6.4
-43.73492,38.027458,4.37
-43.731465,38.038605,2.34
-43.728805,38.049645,4.37
-43.723311,38.062626,4.37
-43.717603,38.070276,2.34
-43.713118,38.083205,4.37
-43.708333,38.095961,2.34
-43.703785,38.108825,2.34
-43.698035,38.121293,-3.73
-43.691855,38.133941,-3.73
-43.686446,38.146741,0.31
-43.680996,38.160335,-1.7
-43.676683,38.174035,-1.7
-43.673593,38.18779,-3.73
-43.671748,38.20192,-1.7
-43.668336,38.2159,0.31
-43.667028,38.229943,-1.7
-43.668271,38.243623,2.34
-43.670933,38.257463,0.31
-43.678186,38.268856,-3.73
-43.68576,38.280368,-3.73
-43.693463,38.291655,-7.79
-43.69842,38.304573,-3.73
-43.705136,38.316846,-3.73
-43.71342,38.32704,-1.7
-43.72123,38.33794,0.31
-43.728696,38.349891,-1.7
-43.731421,38.353165,2.34
-43.717883,38.342735,0.31
-43.704728,38.332115,2.34
-43.691961,38.321041,0.31
-43.67898,38.310345,2.34
-43.665998,38.299691,4.37
-43.653401,38.288726,2.34
-43.641171,38.27787,2.34
-43.627525,38.268513,0.31
-43.61317,38.260616,2.34
-43.598835,38.252891,2.34
-43.584223,38.245543,0.31
-43.569331,38.238065,2.34
-43.554525,38.230791,4.37
-43.540641,38.22297,0.31
-43.526243,38.215588,2.34
-43.511525,38.208315,2.34
-43.496761,38.201823,2.34
-43.48232,38.195665,-1.7
-43.467965,38.189571,-1.7
-43.45318,38.183648,0.31
-43.438503,38.177501,-1.7
-43.424491,38.171385,0.31
-43.409858,38.165678,2.34
-43.395953,38.15998,0.31
-43.382005,38.154348,0.31
-43.36793,38.148748,-1.7
-43.354605,38.14274,-1.7
-43.341901,38.136345,-3.73
-43.329863,38.129671,-1.7
-43.317996,38.122988,2.34
-43.305723,38.11626,4.37
-43.294093,38.109436,2.34
-43.282098,38.102688,4.37
-43.270405,38.095886,0.31
-43.257916,38.089631,2.34
-43.245728,38.083248,4.37
-43.233496,38.07738,4.37
-43.220665,38.071596,4.37
-43.208306,38.065653,4.37
-43.19629,38.059473,10.46
-43.184873,38.053175,10.46
-43.17333,38.047166,10.46
-43.161163,38.041148,10.46
-43.149468,38.03485,8.43
-43.137001,38.029218,4.37
-43.125308,38.022898,2.34
-43.11372,38.016493,6.4
-43.102046,38.00997,6.4
-43.090095,38.003746,4.37
-43.078058,37.996978,4.37
-43.067093,37.989906,4.37
-43.058875,37.981785,6.4
-43.05042,37.973685,6.4
-43.041258,37.965703,6.4
-43.031988,37.957785,4.37
-43.022825,37.948966,0.31
-43.01493,37.939825,0.31
-43.012976,37.925491,-1.7
-43.007976,37.935866,0.31
-43.006238,37.953181,2.34
-43.00317,37.968718,2.34
-42.9989,37.983501,0.31
-42.996068,37.997363,-1.7
-42.994308,38.011386,-1.7
-42.992678,38.025935,-3.73
-42.987291,38.04015,-1.7
-42.982893,38.055138,0.31
-42.979051,38.069258,-1.7
-42.974051,38.083741,-1.7
-42.968323,38.098558,-1.7
-42.960426,38.11286,-1.7
-42.953366,38.127526,-3.73
-42.946436,38.141291,-3.73
-42.940406,38.154508,-1.7
-42.935836,38.169121,0.31
-42.930065,38.18322,-1.7
-42.92176,38.197188,2.34
-42.914506,38.210996,0.31
-42.908391,38.225813,-1.7
-42.901546,38.240651,-1.7
-42.894058,38.255295,-1.7
-42.886483,38.269833,0.31
-42.877363,38.284456,-1.7
-42.86891,38.299358,0.31
-42.86273,38.314561,0.31
-42.858716,38.33,0.31
-42.853631,38.345633,0.31
-42.852495,38.36149,2.34
-42.85037,38.37753,2.34
-42.847238,38.394008,2.34
-42.841573,38.410713,0.31
-42.832153,38.426431,2.34
-42.824706,38.442975,0.31
-42.816703,38.45982,-3.73
-42.808721,38.47646,-1.7
-42.802926,38.493133,-3.73
-42.797091,38.508796,-1.7
-42.792478,38.524803,-1.7
-42.786791,38.540168,-3.73
-42.77898,38.554533,-1.7
-42.770998,38.56803,-1.7
-42.7616,38.580861,0.31
-42.75718,38.594091,-1.7
-42.751408,38.609615,-1.7
-42.74525,38.625741,-1.7
-42.738211,38.640933,-1.7
-42.731451,38.656608,-1.7
-42.724756,38.672368,-1.7
-42.718191,38.688065,-5.76
-42.71051,38.704661,0.31
-42.702205,38.721463,6.4
-42.693493,38.738748,8.43
-42.685725,38.75556,8.43
-42.676971,38.771781,8.43
-42.66813,38.78838,8.43
-42.65929,38.805235,6.4
-42.651608,38.82137,4.37
-42.644033,38.837496,6.4
-42.635943,38.85375,-3.73
-42.62882,38.870541,2.34
-42.620708,38.886945,-7.79
-42.612126,38.902673,-5.76
-42.603478,38.918305,-5.76
-42.59481,38.934088,6.4
-42.584488,38.949033,8.43
-42.573995,38.963335,8.43
-42.56612,38.979406,6.4
-42.557816,38.995735,8.43
-42.547688,39.011753,10.46
-42.536036,39.026966,8.43
-42.524836,39.042235,8.43
-42.512626,39.057158,10.46
-42.499601,39.070751,6.4
-42.487241,39.084603,10.46
-42.474025,39.098013,10.46
-42.460806,39.11121,2.34
-42.447416,39.124556,2.34
-42.43392,39.136465,0.31
-42.420336,39.148525,0.31
-42.409543,39.161325,2.34
-42.398343,39.173813,2.34
-42.389653,39.185958,0.31
-42.38167,39.198811,4.37
-42.373001,39.211718,6.4
-42.364655,39.224688,8.43
-42.355491,39.236801,6.4
-42.346608,39.247981,6.4
-42.33545,39.258988,6.4
-42.324271,39.270265,4.37
-42.314765,39.281658,6.4
-42.306311,39.293846,2.34
-42.299595,39.30596,0.31
-42.29099,39.317836,-1.7
-42.279618,39.328886,-3.73
-42.26788,39.339391,-1.7
-42.258911,39.351138,-3.73
-42.25228,39.363681,-3.73
-42.244598,39.37617,-3.73
-42.235436,39.387831,-3.73
-42.228998,39.399183,-3.73
-42.221768,39.409933,-3.73
-42.211553,39.419503,-3.73
-42.20531,39.430896,-1.7
-42.196361,39.441926,-3.73
-42.187585,39.453181,-1.7
-42.17793,39.463631,-1.7
-42.168016,39.47393,-5.76
-42.157716,39.481751,-7.79
-42.149413,39.494005,-7.79
-42.138726,39.504668,-7.79
-42.127955,39.515333,-7.79
-42.11744,39.526373,-1.7
-42.106605,39.536941,0.31
-42.09609,39.548013,4.37
-42.08592,39.558881,2.34
-42.075383,39.569578,4.37
-42.065255,39.581015,4.37
-42.054676,39.59197,6.4
-42.04367,39.602376,6.4
-42.03309,39.613201,6.4
-42.023198,39.624638,6.4
-42.011955,39.635078,8.43
-41.999938,39.644701,6.4
-41.988071,39.65424,6.4
-41.97612,39.663648,4.37
-41.964405,39.673733,0.31
-41.952881,39.683808,2.34
-41.942066,39.694321,0.31
-41.930436,39.703666,0.31
-41.917841,39.711756,-3.73
-41.90634,39.720898,-1.7
-41.895031,39.730393,-1.7
-41.884003,39.740176,-3.73
-41.874861,39.752108,4.37
-41.86776,39.76525,4.37
-41.860571,39.777428,4.37
-41.854026,39.789926,6.4
-41.847911,39.802715,6.4
-41.839993,39.81514,6.4
-41.833148,39.827628,6.4
-41.827268,39.840963,8.43
-41.820401,39.85371,6.4
-41.813578,39.866895,8.43
-41.804115,39.87902,4.37
-41.795081,39.891046,8.43
-41.786906,39.903513,12.48
-41.77989,39.915368,10.46
-41.771263,39.926118,18.57
-41.762895,39.936021,16.54
-41.755921,39.945183,4.37
-41.747575,39.955236,6.4
-41.738155,39.965106,4.37
-41.730108,39.975235,4.37
-41.723176,39.98532,4.37
-41.713778,39.994375,2.34
-41.704938,40.003795,4.37
-41.69848,40.015125,4.37
-41.693973,40.029823,2.34
-41.683931,40.04199,2.34
-41.67846,40.054993,6.4
-41.664426,40.061055,2.34
-41.655565,40.072503,4.37
-41.64417,40.08305,2.34
-41.634493,40.092383,0.31
-41.627025,40.10616,0.31
-41.617476,40.118991,-5.76
-41.607005,40.132005,-3.73
-41.595461,40.144493,-5.76
-41.583723,40.156863,-3.73
-41.572158,40.16962,-1.7
-41.560163,40.181798,0.31
-41.547481,40.193395,0.31
-41.533491,40.204403,0.31
-41.519908,40.215475,-1.7
-41.505961,40.226601,2.34
-41.492206,40.237448,2.34
-41.478731,40.249325,-1.7
-41.465813,40.261791,-3.73
-41.452596,40.273228,-3.73
-41.43882,40.284601,-3.73
-41.42395,40.294686,-3.73
-41.409208,40.304793,-3.73
-41.393416,40.314191,-3.73
-41.377645,40.323848,-1.7
-41.361916,40.333396,0.31
-41.34623,40.342966,0.31
-41.330566,40.352923,-1.7
-41.314366,40.362438,-1.7
-41.297843,40.37202,-3.73
-41.28087,40.380968,-5.76
-41.263661,40.389336,-3.73
-41.246516,40.397736,-1.7
-41.23008,40.406856,-1.7
-41.214073,40.415955,2.34
-41.197593,40.424795,8.43
-41.180383,40.432873,6.4
-41.163583,40.441596,6.4
-41.147918,40.451606,6.4
-41.13277,40.461853,4.37
-41.11732,40.471883,2.34
-41.102578,40.481873,4.37
-41.088566,40.492096,4.37
-41.074855,40.502343,6.4
-41.06123,40.512278,4.37
-41.046016,40.521526,4.37
-41.031103,40.531471,2.34
-41.01559,40.540806,4.37
-41.0019,40.551353,2.34
-40.98705,40.561148,4.37
-40.971065,40.569956,6.4
-40.954843,40.57884,2.34
-40.937911,40.586275,2.34
-40.92094,40.593688,4.37
-40.904416,40.6021,4.37
-40.886756,40.609256,6.4
-40.86899,40.615821,4.37
-40.85191,40.623365,4.37
-40.836288,40.631721,4.37
-40.82041,40.640295,2.34
-40.804488,40.648716,-1.7
-40.788245,40.656635,2.34
-40.772645,40.665271,-1.7
-40.756895,40.673918,4.37
-40.74151,40.68276,4.37
-40.725525,40.691718,4.37
-40.71029,40.701535,4.37
-40.69411,40.710955,6.4
-40.677308,40.719376,6.4
-40.660743,40.728056,8.43
-40.644521,40.736778,6.4
-40.628406,40.746253,8.43
-40.6124,40.755576,4.37
-40.598045,40.765768,2.34
-40.583131,40.776711,2.34
-40.56736,40.787311,0.31
-40.551866,40.79802,-1.7
-40.536075,40.808426,-7.79
-40.520066,40.818918,-5.76
-40.504081,40.829046,-3.73
-40.485971,40.837866,-3.73
-40.468355,40.847275,-1.7
-40.450393,40.856973,-3.73
-40.431746,40.865696,-3.73
-40.412606,40.873936,-1.7
-40.393875,40.88283,-1.7
-40.375013,40.8918,-3.73
-40.357503,40.902603,-3.73
-40.340423,40.914008,-1.7
-40.322506,40.92462,-1.7
-40.304375,40.93553,-5.76
-40.285428,40.945873,-7.79
-40.26751,40.95598,-7.79
-40.248841,40.966215,-7.79
-40.23026,40.97629,-9.81
-40.212041,40.986878,-9.81
-40.192623,40.997103,-1.7
-40.174126,41.007778,-1.7
-40.155351,41.018431,2.34
-40.136361,41.028915,0.31
-40.116405,41.038635,4.37
-40.097286,41.049235,2.34
-40.077201,41.059116,4.37
-40.057611,41.068921,4.37
-40.038041,41.078621,2.34
-40.019138,41.088138,2.34
-39.99944,41.097965,6.4
-39.979376,41.10789,8.43
-39.960171,41.11791,6.4
-39.939508,41.127073,10.46
-39.919403,41.136856,4.37
-39.899683,41.145858,4.37
-39.8808,41.155075,0.31
-39.86284,41.165063,4.37
-39.844795,41.174473,0.31
-39.827478,41.184471,4.37
-39.809025,41.19417,-3.73
-39.792545,41.204588,4.37
-39.778898,41.21653,6.4
-39.765573,41.229886,4.37
-39.752096,41.24348,6.4
-39.737978,41.256848,4.37
-39.723171,41.270141,2.34
-39.708731,41.282963,4.37
-39.694376,41.295075,4.37
-39.679913,41.306436,2.34
-39.6641,41.317101,4.37
-39.649315,41.327808,4.37
-39.633586,41.338076,4.37
-39.617578,41.348473,6.4
-39.598653,41.357506,4.37
-39.579191,41.366358,4.37
-39.560545,41.37434,4.37
-39.542326,41.382065,2.34
-39.52192,41.389971,2.34
-39.503466,41.397203,4.37
-39.484498,41.404401,2.34
-39.467461,41.412598,2.34
-39.451518,41.420151,2.34
-39.431798,41.425945,2.34
-39.411778,41.429293,2.34
-39.392853,41.433188,4.37
-39.374613,41.437865,2.34
-39.356116,41.44265,4.37
-39.337063,41.446266,4.37
-39.318051,41.450805,4.37
-39.298803,41.455353,2.34
-39.278976,41.459366,4.37
-39.259408,41.46384,0.31
-39.23928,41.467948,0.31
-39.21984,41.47371,-5.76
-39.20233,41.481135,-5.76
-39.183661,41.489278,-3.73
-39.162826,41.496916,0.31
-39.142978,41.50403,0.31
-39.123408,41.510843,2.34
-39.104718,41.518996,2.34
-39.086566,41.527623,2.34
-39.069313,41.536538,0.31
-39.051718,41.546313,2.34
-39.03554,41.556966,0.31
-39.017858,41.565345,-1.7
-38.999683,41.574283,-1.7
-38.983376,41.585226,-1.7
-38.970801,41.597006,-1.7
-38.955523,41.608871,-3.73
-38.939773,41.62106,-1.7
-38.9222,41.631038,0.31
-38.905098,41.642593,0.31
-38.888296,41.653708,-1.7
-38.870465,41.662258,-1.7
-38.85184,41.668911,-1.7
-38.833558,41.675681,-1.7
-38.81532,41.682,-1.7
-38.796845,41.68863,0.31
-38.780773,41.699316,-3.73
-38.762726,41.710463,-1.7
-38.74408,41.720001,2.34
-38.724681,41.726728,6.4
-38.706871,41.734958,4.37
-38.689728,41.742338,6.4
-38.675908,41.752821,6.4
-38.661403,41.76311,4.37
-38.646855,41.773625,2.34
-38.631556,41.78255,2.34
-38.614861,41.79256,6.4
-38.600335,41.80418,4.37
-38.585206,41.816078,2.34
-38.57141,41.825508,2.34
-38.554415,41.830605,4.37
-38.545125,41.835433,4.37
-38.54227,41.84038,4.37
-38.539095,41.845271,2.34
-38.52856,41.850378,6.4
-38.510148,41.854605,6.4
-38.491888,41.85909,6.4
-38.472255,41.864003,4.37
-38.452341,41.869121,4.37
-38.43245,41.875741,4.37
-38.412688,41.881771,16.54
-38.393376,41.88721,10.46
-38.373913,41.891878,18.57
-38.354901,41.89676,8.43
-38.335333,41.90163,6.4
-38.316,41.90664,2.34
-38.296215,41.912058,4.37
-38.276796,41.917476,2.34
-38.256883,41.922155,4.37
-38.237206,41.926928,4.37
-38.216971,41.932303,4.37
-38.197403,41.93741,14.51
-38.178198,41.94284,6.4
-38.158843,41.947925,8.43
-38.13936,41.952366,8.43
-38.119768,41.95639,8.43
-38.10005,41.959823,6.4
-38.08063,41.963953,-3.73
-38.060953,41.967955,2.34
-38.041276,41.970831,4.37
-38.022051,41.973448,2.34
-38.002846,41.974683,4.37
-37.983898,41.976066,2.34
-37.964545,41.978288,0.31
-37.944953,41.983373,0.31
-37.925641,41.98863,2.34
-37.90663,41.995453,4.37
-37.886525,42.002041,4.37
-37.866611,42.009486,2.34
-37.84599,42.01585,4.37
-37.825563,42.021643,2.34
-37.80565,42.026975,4.37
-37.785888,42.035911,4.37
-37.76619,42.044528,4.37
-37.747006,42.054161,0.31
-37.724776,42.05738,-1.7
-37.702696,42.061608,-5.76
-37.680508,42.066125,-7.79
-37.65858,42.07091,-7.79
-37.63635,42.074675,-11.84
-37.61399,42.077711,-5.76
-37.591481,42.08018,-7.79
-37.56908,42.082271,-3.73
-37.546741,42.08268,2.34
-37.524211,42.082453,4.37
-37.501766,42.083376,4.37
-37.479708,42.085083,4.37
-37.458186,42.086273,6.4
-37.436685,42.087861,8.43
-37.415163,42.089095,8.43
-37.393576,42.089975,6.4
-37.37184,42.090683,6.4
-37.350446,42.092056,12.48
-37.328603,42.093236,8.43
-37.306695,42.094695,10.46
-37.28528,42.096111,6.4
-37.263973,42.097323,6.4
-37.242621,42.098375,6.4
-37.221036,42.09917,8.43
-37.199385,42.100371,6.4
-37.178313,42.101958,4.37
-37.156706,42.10374,4.37
-37.13484,42.106636,2.34
-37.112331,42.110198,4.37
-37.090336,42.11332,2.34
-37.068471,42.117495,4.37
-37.046391,42.119618,4.37
-37.024698,42.118781,2.34
-37.003283,42.120251,4.37
-36.981996,42.124275,4.37
-36.962428,42.130121,4.37
-36.944125,42.136023,4.37
-36.925026,42.138716,4.37
-36.904513,42.141838,6.4
-36.883035,42.143736,4.37
-36.861663,42.14495,2.34
-36.840655,42.146483,2.34
-36.81967,42.149305,4.37
-36.79817,42.152063,4.37
-36.77684,42.15512,4.37
-36.754803,42.158393,6.4
-36.731736,42.161,4.37
-36.708046,42.163435,4.37
-36.684615,42.165838,4.37
-36.660711,42.168553,2.34
-36.636958,42.170676,4.37
-36.612968,42.17233,6.4
-36.588678,42.173488,2.34
-36.563766,42.174025,2.34
-36.538981,42.174796,0.31
-36.513876,42.174765,2.34
-36.488621,42.174925,0.31
-36.46401,42.17572,2.34
-36.43974,42.176588,0.31
-36.415215,42.17676,0.31
-36.390431,42.179141,-3.73
-36.366398,42.182908,-3.73
-36.342043,42.186395,2.34
-36.317346,42.188411,2.34
-36.293013,42.19251,0.31
-36.26883,42.196071,0.31
-36.244561,42.200181,0.31
-36.220078,42.204591,0.31
-36.196968,42.210138,-1.7
-36.17431,42.216565,-5.76
-36.150876,42.222443,-5.76
-36.128218,42.228848,-5.76
-36.104143,42.235823,-7.79
-36.080646,42.242765,-7.79
-36.056978,42.249876,-7.79
-36.03314,42.2564,-5.76
-36.009063,42.263031,-5.76
-35.984645,42.268556,-3.73
-35.959753,42.273953,-3.73
-35.935356,42.278426,-1.7
-35.911173,42.28362,-3.73
-35.887098,42.288716,-3.73
-35.86225,42.293673,-5.76
-35.837531,42.298028,-3.73
-35.81249,42.302073,-3.73
-35.787341,42.306536,-1.7
-35.762106,42.311611,-1.7
-35.736745,42.317716,-1.7
-35.711403,42.323778,-3.73
-35.686125,42.330333,2.34
-35.660248,42.33544,4.37
-35.634263,42.340686,4.37
-35.608191,42.345578,2.34
-35.582571,42.350128,2.34
-35.556478,42.353636,0.31
-35.531008,42.357358,2.34
-35.50543,42.360073,2.34
-35.479853,42.36239,0.31
-35.453825,42.364751,0.31
-35.428355,42.366403,2.34
-35.402735,42.368463,2.34
-35.3772,42.370501,0.31
-35.351858,42.373226,-1.7
-35.326023,42.375201,0.31
-35.300853,42.377465,6.4
-35.27564,42.380436,4.37
-35.250663,42.382721,2.34
-35.225236,42.38388,2.34
-35.200001,42.385286,0.31
-35.175046,42.386036,2.34
-35.149941,42.386551,0.31
-35.1252,42.38622,4.37
-35.100375,42.386273,2.34
-35.075505,42.385918,0.31
-35.050076,42.384631,0.31
-35.025336,42.385415,2.34
-35.002055,42.389675,2.34
-34.977765,42.391916,0.31
-34.954611,42.39536,0.31
-34.931631,42.39991,2.34
-34.909121,42.40448,2.34
-34.886935,42.408073,2.34
-34.866335,42.41347,4.37
-34.846423,42.419575,4.37
-34.826338,42.426098,2.34
-34.806618,42.433598,2.34
-34.787821,42.441076,-5.76
-34.769325,42.449143,-5.76
-34.751065,42.457491,-1.7
-34.733126,42.466653,-1.7
-34.71435,42.475418,-3.73
-34.695103,42.484045,-3.73
-34.676328,42.492778,-3.73
-34.657251,42.50091,-3.73
-34.63852,42.508796,-5.76
-34.618135,42.515136,-1.7
-34.595711,42.520211,-1.7
-34.572816,42.522508,-1.7
-34.550928,42.52401,-3.73
-34.529363,42.524943,0.31
-34.507455,42.526681,-1.7
-34.484195,42.52666,-3.73
-34.461621,42.52696,-1.7
-34.436816,42.526928,-5.76
-34.41197,42.527465,-5.76
-34.38783,42.529556,-5.76
-34.363883,42.531111,-3.73
-34.339528,42.53357,-3.73
-34.314401,42.53682,-5.76
-34.289488,42.53977,-1.7
-34.263911,42.541755,-1.7
-34.238805,42.544373,0.31
-34.212841,42.545681,-1.7
-34.186535,42.545531,2.34
-34.159885,42.544545,2.34
-34.133556,42.54418,0.31
-34.10624,42.542463,2.34
-34.079268,42.541991,4.37
-34.053883,42.543215,4.37
-34.029165,42.546305,2.34
-34.005883,42.549373,2.34
-33.982321,42.55272,4.37
-33.958505,42.556883,4.37
-33.93342,42.560573,6.4
-33.90855,42.564618,6.4
-33.883251,42.567311,4.37
-33.858833,42.57067,2.34
-33.834865,42.573953,0.31
-33.812141,42.577986,-1.7
-33.789653,42.582535,0.31
-33.769376,42.5879,0.31
-33.749163,42.593961,0.31
-33.730388,42.600485,-3.73
-33.70966,42.606621,-1.7
-33.688438,42.61277,-3.73
-33.667516,42.619581,-1.7
-33.646466,42.626728,-1.7
-33.624836,42.633196,-1.7
-33.602628,42.639506,2.34
-33.578531,42.64472,4.37
-33.553791,42.647541,4.37
-33.52845,42.650223,0.31
-33.504373,42.65355,0.31
-33.479568,42.657476,2.34
-33.454828,42.661681,2.34
-33.43219,42.665801,2.34
-33.410926,42.670276,4.37
-33.38891,42.673816,4.37
-33.366808,42.677465,4.37
-33.344965,42.67989,4.37
-33.322778,42.682421,4.37
-33.301063,42.685821,6.4
-33.278468,42.688075,6.4
-33.257418,42.689728,4.37
-33.236925,42.692291,6.4
-33.214673,42.69404,8.43
-33.18974,42.693268,2.34
-33.167488,42.692291,0.31
-33.166695,42.68358,2.34
-33.142811,42.688815,0.31
-33.119681,42.694985,0.31
-33.096763,42.700435,-1.7
-33.07404,42.708416,0.31
-33.050801,42.712976,-1.7
-33.028506,42.715048,-1.7
-33.00632,42.721978,0.31
-32.982245,42.727568,2.34
-32.958876,42.734745,0.31
-32.935938,42.740185,0.31
-32.91225,42.74306,0.31
-32.888538,42.744798,0.31
-32.864785,42.74525,0.31
-32.83983,42.748596,-1.7
-32.814788,42.75099,10.46
-32.789961,42.755076,10.46
-32.765458,42.757361,-3.73
-32.742026,42.75954,-3.73
-32.719088,42.762951,-3.73
-32.696578,42.765473,-3.73
-32.675035,42.768058,-3.73
-32.654135,42.768938,-1.7
-32.63315,42.769518,-1.7
-32.612013,42.769968,-1.7
-32.591521,42.770151,-5.76
-32.571673,42.768263,-11.84
-32.553413,42.765645,-3.73
-32.53483,42.763038,-13.87
-32.514488,42.761266,-13.87
-32.493738,42.764796,-11.84
-32.472516,42.76852,-7.79
-32.45076,42.773423,-9.81
-32.429216,42.78044,-7.79
-32.407586,42.787596,-5.76
-32.385915,42.794591,-9.81
-32.363555,42.802273,-3.73
-32.340316,42.809611,2.34
-32.317013,42.818033,0.31
-32.292831,42.824278,4.37
-32.270043,42.832185,8.43
-32.24837,42.840241,4.37
-32.226848,42.849255,4.37
-32.202408,42.853835,6.4
-32.17814,42.857698,4.37
-32.153098,42.860445,6.4
-32.128358,42.862548,6.4
-32.104518,42.864553,4.37
-32.080786,42.866238,2.34
-32.057526,42.868588,-3.73
-32.034501,42.869746,-1.7
-32.011606,42.871226,4.37
-31.989398,42.872096,4.37
-31.966588,42.87289,-3.73
-31.942813,42.87437,-3.73
-31.92084,42.874756,-1.7
-31.897645,42.877106,0.31
-31.874148,42.880336,0.31
-31.851188,42.884875,0.31
-31.8278,42.88864,-1.7
-31.804131,42.892438,4.37
-31.781901,42.897448,4.37
-31.760423,42.90292,2.34
-31.737741,42.907576,8.43
-31.715963,42.913841,6.4
-31.693926,42.916641,6.4
-31.67249,42.919238,4.37
-31.650603,42.922961,4.37
-31.628608,42.923648,6.4
-31.60655,42.925633,6.4
-31.58475,42.925676,6.4
-31.562518,42.926501,-1.7
-31.540375,42.927821,2.34
-31.51851,42.92957,-5.76
-31.496258,42.930471,-1.7
-31.473641,42.932746,-3.73
-31.451175,42.934795,-5.76
-31.428215,42.9381,-5.76
-31.40635,42.94061,-5.76
-31.384591,42.940418,-3.73
-31.36219,42.940953,-3.73
-31.340946,42.942198,0.31
-31.320046,42.943056,-3.73
-31.298805,42.943561,-3.73
-31.27754,42.943293,-3.73
-31.256918,42.940266,-3.73
-31.236598,42.940568,-3.73
-31.2163,42.941083,-3.73
-31.196236,42.940438,0.31
-31.17686,42.938496,-1.7
-31.157891,42.937638,-3.73
-31.140661,42.94001,-3.73
-31.123258,42.941673,-1.7
-31.105943,42.94355,-1.7
-31.087703,42.947701,-1.7
-31.067576,42.948731,-3.73
-31.047578,42.948828,0.31
-31.02657,42.953668,-3.73
-31.005993,42.959965,-5.76
-30.984965,42.967496,-1.7
-30.960523,42.969341,-1.7
-30.935848,42.973838,-3.73
-30.911943,42.977786,2.34
-30.889628,42.984963,2.34
-30.865831,42.989995,4.37
-30.843471,42.997956,6.4
-30.820576,43.001615,8.43
-30.797896,42.999898,8.43
-30.774721,43.000348,8.43
-30.752105,42.99904,10.46
-30.729231,42.99861,10.46
-30.706036,42.99506,6.4
-30.68299,42.99241,4.37
-30.660031,42.989995,0.31
-30.6369,42.990263,0.31
-30.613531,42.990961,-5.76
-30.590658,42.988118,-3.73
-30.567526,42.98697,-5.76
-30.544781,42.98742,-7.79
-30.521843,42.988761,-5.76
-30.498626,42.99079,-1.7
-30.479228,42.994148,4.37
-30.458543,42.994201,4.37
-30.437986,42.996443,0.31
-30.41653,42.996883,8.43
-30.395671,42.998856,6.4
-30.3743,43.000725,10.46
-30.352585,43.004081,8.43
-30.329755,43.005251,4.37
-30.307931,43.00567,0.31
-30.285573,43.008138,0.31
-30.263428,43.00978,0.31
-30.241778,43.01243,4.37
-30.221693,43.014446,4.37
-30.201223,43.016335,2.34
-30.18043,43.017203,6.4
-30.159873,43.018545,4.37
-30.139318,43.018095,4.37
-30.118718,43.01317,2.34
-30.098226,43.010348,2.34
-30.079085,43.008245,2.34
-30.059108,43.00744,4.37
-30.037886,43.007933,2.34
-30.01643,43.007848,-9.81
-29.995293,43.006335,0.31
-29.973965,43.004383,2.34
-29.95388,43.001046,0.31
-29.933151,42.996701,-1.7
-29.914033,42.988686,-1.7
-29.899806,42.978848,-3.73
-29.889356,42.967605,0.31
-29.871868,42.961156,0.31
-29.855025,42.954065,2.34
-29.839103,42.946705,-1.7
-29.822795,42.939591,0.31
-29.804513,42.934023,-1.7
-29.788205,42.926395,-1.7
-29.771961,42.919153,-1.7
-29.758551,42.91013,4.37
-29.745033,42.903178,0.31
-29.73072,42.898628,-1.7
-29.714111,42.898628,-1.7
-29.700078,42.898103,-1.7
-29.685895,42.89481,-3.73
-29.66976,42.891418,-5.76
-29.651648,42.888951,-7.79
-29.634118,42.884788,-5.76
-29.618175,42.878061,-5.76
-29.599656,42.873286,-7.79
-29.579765,42.870508,-9.81
-29.558565,42.862826,-11.84
-29.538245,42.854125,-11.84
-29.51696,42.846518,-19.95
-29.495673,42.83844,-7.79
-29.474323,42.830146,-13.87
-29.45205,42.822046,-15.89
-29.429348,42.814858,-11.84
-29.407653,42.806435,-15.89
-29.387055,42.797681,-11.84
-29.364996,42.790986,-11.84
-29.34356,42.784913,-1.7
-29.321501,42.778165,0.31
-29.301353,42.769646,-1.7
-29.28026,42.761041,0.31
-29.261826,42.751805,0.31
-29.243351,42.742535,0.31
-29.225543,42.732815,2.34
-29.20505,42.728351,4.37
-29.182198,42.727235,6.4
-29.159173,42.725346,2.34
-29.137716,42.72318,4.37
-29.115465,42.722976,6.4
-29.093448,42.724435,4.37
-29.071283,42.726688,6.4
-29.04959,42.726033,8.43
-29.026415,42.726055,12.48
-29.003283,42.726195,10.46
-28.98071,42.722118,8.43
-28.958265,42.718041,8.43
-28.934576,42.71788,6.4
-28.910521,42.718126,4.37
-28.886683,42.718061,2.34
-28.863036,42.719961,-1.7
-28.83939,42.720348,8.43
-28.815743,42.719091,4.37
-28.790916,42.719178,4.37
-28.767421,42.718985,8.43
-28.720321,42.722911,2.34
-28.697211,42.726581,2.34
-28.677556,42.723115,4.37
-28.66054,42.714855,8.43
-28.639705,42.70786,8.43
-28.623183,42.69682,8.43
-28.602841,42.687775,10.46
-28.58295,42.677218,8.43
-28.56059,42.668753,0.31
-28.539196,42.659643,4.37
-28.519391,42.648968,0.31
-28.497096,42.640868,4.37
-28.473686,42.633745,2.34
-28.451971,42.627436,0.31
-28.43,42.619786,-1.7
-28.406975,42.615291,2.34
-28.38511,42.608253,-5.76
-28.363716,42.600516,4.37
-28.341186,42.593521,-1.7
-28.320565,42.583736,0.31
-28.29915,42.577653,2.34
-28.276126,42.573973,-3.73
-28.258295,42.563975,0.31
-28.241128,42.551518,0.31
-28.226495,42.53784,-1.7
-28.210186,42.525158,2.34
-28.192891,42.5137,0.31
-28.180038,42.49943,-1.7
-28.169546,42.484366,0.31
-28.157551,42.469411,0.31
-28.147508,42.4535,-3.73
-28.139011,42.437353,-5.76
-28.129935,42.421496,-9.81
-28.122081,42.40477,-5.76
-28.11661,42.387796,-5.76
-28.114206,42.371231,-1.7
-28.109271,42.355201,0.31
-28.10468,42.337843,2.34
-28.096911,42.32382,0.31
-28.083886,42.31293,-1.7
-28.07142,42.303243,0.31
-28.057623,42.293736,0.31
-28.045156,42.283448,4.37
-28.032023,42.273535,6.4
-28.018076,42.263095,6.4
-28.004815,42.252388,12.48
-27.992413,42.240296,10.46
-27.979151,42.229546,4.37
-27.966621,42.218731,0.31
-27.95497,42.20856,0.31
-27.94394,42.199226,-3.73
-27.929135,42.193078,-5.76
-27.915851,42.18587,-3.73
-27.903921,42.178616,-3.73
-27.89066,42.171321,-5.76
-27.877271,42.163391,-9.81
-27.863151,42.15629,-7.79
-27.847316,42.150066,-7.79
-27.832746,42.142493,0.31
-27.817081,42.135143,-3.73
-27.802898,42.128116,8.43
-27.787835,42.120423,10.46
-27.772065,42.112806,-1.7
-27.758566,42.104663,-1.7
-27.744748,42.097216,2.34
-27.730243,42.089856,0.31
-27.715523,42.08269,14.51
-27.702713,42.074846,2.34
-27.688078,42.068475,8.43
-27.675225,42.061596,6.4
-27.660635,42.057476,6.4
-27.646193,42.053121,8.43
-27.62686,42.047596,10.46
-27.607505,42.042231,8.43
-27.58712,42.037328,8.43
-27.566413,42.033208,4.37
-27.545321,42.02925,2.34
-27.52382,42.025355,4.37
-27.501826,42.022415,0.31
-27.480605,42.018638,0.31
-27.459898,42.015485,4.37
-27.440693,42.011621,8.43
-27.418613,42.010055,4.37
-27.398056,42.005516,0.31
-27.378745,42.000958,-1.7
-27.358253,41.996645,-3.73
-27.339241,41.990593,-3.73
-27.319543,41.986001,-5.76
-27.297956,41.983061,-1.7
-27.274783,41.981635,-5.76
-27.252553,41.977546,-1.7
-27.232833,41.973331,-7.79
-27.211783,41.969178,-7.79
-27.190131,41.967655,-7.79
-27.169661,41.96582,-5.76
-27.148075,41.964351,-1.7
-27.125866,41.963031,2.34
-27.10355,41.96258,0.31
-27.081235,41.96242,0.31
-27.058531,41.964296,-1.7
-27.034993,41.965166,-1.7
-27.012033,41.965145,-1.7
-26.990425,41.964308,-1.7
-26.969181,41.963041,-5.76
-26.946608,41.959973,-5.76
-26.92455,41.957666,-7.79
-26.90262,41.952173,-3.73
-26.880433,41.946863,-5.76
-26.858805,41.941348,-5.76
-26.83696,41.937078,-5.76
-26.815846,41.93181,-5.76
-26.794988,41.926188,-3.73
-26.771771,41.922358,-5.76
-26.752781,41.914365,-5.76
-26.733255,41.90825,-1.7
-26.713278,41.902348,-1.7
-26.690941,41.89662,-1.7
-26.667101,41.891566,-3.73
-26.643455,41.887553,0.31
-26.62219,41.883198,-5.76
-26.60466,41.875998,8.43
-26.586313,41.869218,0.31
-26.567323,41.862148,-1.7
-26.550371,41.854413,12.48
-26.530545,41.849391,8.43
-26.511511,41.842471,10.46
-26.492758,41.836591,-5.76
-26.472951,41.831603,14.51
-26.453618,41.824811,14.51
-26.434456,41.817633,12.48
-26.416861,41.810101,6.4
-26.398945,41.803096,10.46
-26.380835,41.796123,8.43
-26.361543,41.790715,4.37
-26.34528,41.783001,8.43
-26.325581,41.778741,8.43
-26.306548,41.773925,6.4
-26.286743,41.770673,4.37
-26.267366,41.765288,0.31
-26.247946,41.761006,0.31
-26.228206,41.75649,6.4
-26.208895,41.75134,4.37
-26.19042,41.748186,6.4
-26.173853,41.744785,0.31
-26.154176,41.741566,0.31
-26.1342,41.738885,10.46
-26.115983,41.734465,8.43
-26.095791,41.72984,6.4
-26.081671,41.72146,14.51
-26.067295,41.713971,6.4
-26.051975,41.707341,4.37
-26.03867,41.698071,-3.73
-26.025045,41.68965,-5.76
-26.011311,41.680745,-7.79
-26.000111,41.671561,-1.7
-25.998073,41.666003,-3.73
-25.9976,41.660596,-7.79
-25.996506,41.655146,-9.81
-25.995883,41.649351,-11.84
-25.995498,41.643398,-15.89
-25.996978,41.638043,-9.81
-25.99848,41.63297,-5.76
-26.000133,41.627948,0.31
-26.00142,41.623035,-3.73
-26.002793,41.618003,-7.79
-26.004273,41.612895,-11.84
-26.00599,41.607638,-17.92
-26.00702,41.602381,-9.81
-26.00818,41.597553,0.31
-26.009445,41.593101,0.31
-26.01041,41.588401,4.37
-26.011763,41.58338,8.43
-26.012513,41.578231,6.4
-26.01348,41.573725,6.4
-26.014145,41.568756,6.4
-26.013543,41.563811,4.37
-26.013006,41.559433,0.31
-26.014015,41.554745,-1.7
-26.0135,41.549853,-3.73
-26.013178,41.544843,0.31
-26.013178,41.539575,-1.7
-26.012256,41.535176,-3.73
-26.012578,41.530498,-1.7
-26.012278,41.526946,0.31
-26.01144,41.52273,-3.73
-26.011033,41.517751,0.31
-26.010218,41.512495,0.31
-26.00923,41.507281,6.4
-26.00923,41.50299,12.48
-26.008008,41.498193,12.48
-26.006591,41.493516,8.43
-26.004273,41.488601,-1.7
-26.002041,41.483495,-7.79
-26.000133,41.478881,-7.79
-25.997815,41.474633,-5.76
-25.994811,41.469976,-7.79
-25.992106,41.465148,-5.76
-25.988201,41.460728,-13.87
-25.983931,41.456448,-13.87
-25.979211,41.452466,-9.81
-25.97507,41.447703,-7.79
-25.971358,41.442843,-5.76
-25.96726,41.438111,-5.76
-25.962688,41.433971,-1.7
-25.958268,41.429153,2.34
-25.953935,41.424486,4.37
-25.948676,41.4191,4.37
-25.94372,41.413961,4.37
-25.939321,41.409348,6.4
-25.935308,41.404551,14.51
-25.929643,41.398608,6.4
-25.924816,41.392225,10.46
-25.919773,41.38714,16.54
-25.914388,41.381431,16.54
-25.909151,41.375691,14.51
-25.90396,41.369983,12.48
-25.899088,41.364093,12.48
-25.894088,41.357495,10.46
-25.889646,41.352335,10.46
-25.886256,41.34901,10.46
-25.882758,41.342496,10.46
-25.881213,41.33724,6.4
-25.879798,41.331091,-1.7
-25.87864,41.32384,0.31
-25.876901,41.318196,6.4
-25.875528,41.311255,4.37
-25.874133,41.304581,4.37
-25.873446,41.297778,0.31
-25.872653,41.29132,2.34
-25.871773,41.285161,-1.7
-25.871515,41.279175,-1.7
-25.871451,41.273156,-5.76
-25.871408,41.267663,-7.79
-25.871536,41.262556,-5.76
-25.871601,41.256386,-13.87
-25.872416,41.250121,-7.79
-25.874133,41.24377,-11.84
-25.874411,41.237258,-13.87
-25.874433,41.231281,-15.89
-25.875226,41.225273,-9.81
-25.877308,41.219758,-17.92
-25.87982,41.214265,-19.95
-25.881493,41.20903,-15.89
-25.882566,41.203741,-15.89
-25.883638,41.198268,-13.87
-25.88439,41.193345,-19.95
-25.884861,41.18782,-7.79
-25.884948,41.18239,-5.76
-25.88439,41.177358,-5.76
-25.884046,41.171886,-7.79
-25.884561,41.166693,-11.84
-25.885076,41.161608,-9.81
-25.885161,41.156426,-11.84
-25.884883,41.151426,-5.76
-25.884455,41.146426,-15.89
-25.88454,41.141116,-15.89
-25.884755,41.135795,-9.81
-25.884861,41.130495,-15.89
-25.884755,41.125635,-15.89
-25.885055,41.120625,-15.89
-25.88542,41.115903,18.57
-25.886191,41.111096,22.63
-25.887436,41.106173,10.46
-25.889131,41.101463,-5.76
-25.891041,41.097278,-3.73
-25.892371,41.092805,-11.84
-25.892886,41.087225,4.37
-25.893573,41.082333,16.54
-25.894646,41.077333,0.31
-25.895096,41.072108,4.37
-25.895376,41.06727,8.43
-25.895955,41.061938,14.51
-25.896685,41.056541,14.51
-25.897736,41.051091,10.46
-25.898851,41.045608,14.51
-25.90014,41.040436,10.46
-25.901748,41.034998,12.48
-25.903058,41.029505,4.37
-25.904323,41.024311,10.46
-25.905933,41.018893,26.7
-25.907628,41.013765,26.7
-25.90928,41.008325,6.4
-25.910933,41.003101,8.43
-25.912606,40.997811,8.43
-25.914538,40.99264,-5.76
-25.916061,40.987146,0.31
-25.91692,40.982233,-5.76
-25.917713,40.977513,-7.79
-25.919345,40.97217,-1.7
-25.921211,40.966783,0.31
-25.922455,40.961398,-3.73
-25.923571,40.956065,-1.7
-25.924816,40.950701,-1.7
-25.926125,40.945251,0.31
-25.927348,40.940326,0.31
-25.928765,40.935616,-1.7
-25.930051,40.930745,0.31
-25.931725,40.92536,-1.7
-25.9337,40.919963,0.31
-25.935458,40.914953,-1.7
-25.93709,40.909728,0.31
-25.939,40.904556,2.34
-25.940695,40.899225,2.34
-25.94224,40.893956,2.34
-25.944171,40.888463,2.34
-25.94651,40.88296,4.37
-25.948785,40.877585,0.31
-25.951788,40.872145,-7.79
-25.954298,40.86795,-9.81
-25.957153,40.862713,-7.79
-25.960093,40.85808,0.31
-25.963096,40.853186,-3.73
-25.965456,40.84853,-3.73
-25.96756,40.843798,-1.7
-25.96992,40.83866,-3.73
-25.972195,40.833778,-5.76
-25.974211,40.829121,-1.7
-25.976315,40.823865,-3.73
-25.97831,40.81894,-7.79
-25.980285,40.814036,-3.73
-25.983288,40.809176,-9.81
-25.985735,40.804188,-3.73
-25.988245,40.79891,-9.81
-25.990863,40.793866,-7.79
-25.99348,40.788513,-3.73
-25.996656,40.783203,-5.76
-25.99994,40.778138,-1.7
-26.00378,40.772645,-1.7
-26.007385,40.76755,-3.73
-26.010603,40.762625,-9.81
-26.012985,40.758,-1.7
-26.015775,40.752453,-3.73
-26.01835,40.747636,-3.73
-26.021183,40.742861,0.31
-26.024208,40.737958,-5.76
-26.027233,40.733388,-1.7
-26.030601,40.728378,-5.76
-26.034336,40.7237,-7.79
-26.03749,40.718958,-13.87
-26.040001,40.714141,-13.87
-26.042405,40.709656,-19.95
-26.045258,40.70471,-13.87
-26.048626,40.7,-13.87
-26.051631,40.695408,-7.79
-26.054226,40.69042,-11.84
-26.057123,40.685066,0.31
-26.05985,40.680205,12.48
-26.06236,40.675453,4.37
-26.06517,40.670528,22.63
-26.067896,40.665808,10.46
-26.07135,40.660625,16.54
-26.07457,40.656055,22.63
-26.077766,40.651195,40.92
-26.080963,40.646248,28.73
-26.084503,40.640948,26.7
-26.08856,40.636185,26.7
-26.09225,40.631336,20.6
-26.095276,40.626668,12.48
-26.098473,40.62154,16.54
-26.10167,40.616251,12.48
-26.105146,40.611605,18.57
-26.108451,40.606745,12.48
-26.111841,40.602121,10.46
-26.115853,40.597186,10.46
-26.119501,40.592271,4.37
-26.1233,40.587733,2.34
-26.126818,40.58297,0.31
-26.130745,40.578013,4.37
-26.134908,40.572853,-3.73
-26.140423,40.567671,2.34
-26.144865,40.563895,-1.7
-26.149563,40.559763,-1.7
-26.153855,40.55543,0.31
-26.15804,40.55117,-1.7
-26.162266,40.547081,-3.73
-26.166558,40.543113,4.37
-26.170356,40.539035,-3.73
-26.174905,40.534861,-7.79
-26.180033,40.531106,-7.79
-26.184131,40.527105,-7.79
-26.188145,40.52349,-9.81
-26.192436,40.51953,-9.81
-26.196341,40.515936,-21.97
-26.20029,40.512513,-19.95
-26.203851,40.508888,-13.87
-26.208078,40.505046,-17.92
-26.211983,40.501741,-9.81
-26.215481,40.497805,-15.89
-26.219193,40.493985,-19.95
-26.223228,40.49052,-9.81
-26.226768,40.487065,-9.81
-26.230073,40.483363,-7.79
-26.233141,40.480016,-36.14
-26.236123,40.476958,-19.95
-26.239191,40.473986,-17.92
-26.242411,40.470703,-26.02
-26.245586,40.467173,-17.92
-26.248741,40.464255,-17.92
-26.251788,40.461648,-17.92
-26.254513,40.458505,-17.92
-26.257731,40.45578,-15.89
-26.2608,40.452325,-19.95
-26.263933,40.448978,-15.89
-26.267108,40.445405,-9.81
-26.269833,40.44208,34.82
-26.272988,40.43841,10.46
-26.275971,40.435083,8.43
-26.279383,40.431918,22.63
-26.283095,40.428506,12.48
-26.286743,40.42515,34.82
-26.290283,40.422123,34.82
-26.293973,40.419045,36.85
-26.297213,40.416511,40.92
-26.300153,40.413573,32.79
-26.303115,40.410408,32.79
-26.30629,40.407596,40.92
-26.309745,40.404828,36.85
-26.313006,40.401975,42.95
-26.31659,40.399143,16.54
-26.319486,40.396353,6.4
-26.322298,40.393585,-5.76
-26.325195,40.39072,-3.73
-26.32807,40.387683,-7.79
-26.330258,40.384991,-9.81
-26.332705,40.382501,4.37
-26.335236,40.380238,-3.73
-26.337833,40.377235,-1.7
-26.34073,40.374176,-5.76
-26.343926,40.371365,-3.73
-26.34736,40.368661,2.34
-26.35088,40.36614,0.31
-26.354376,40.363748,-5.76
-26.358025,40.36141,4.37
-26.361673,40.35937,8.43
-26.365878,40.357118,-1.7
-26.370105,40.355315,4.37
-26.373796,40.353405,2.34
-26.377058,40.351538,2.34
-26.380405,40.34949,0.31
-26.383688,40.347215,2.34
-26.387208,40.344908,0.31
-26.391048,40.342398,2.34
-26.39489,40.340048,-1.7
-26.398773,40.337751,-1.7
-26.402785,40.335338,0.31
-26.407035,40.332956,-1.7
-26.411283,40.330478,6.4
-26.415381,40.327838,4.37
-26.419286,40.325048,4.37
-26.423191,40.322485,10.46
-26.427355,40.319888,4.37
-26.431881,40.316873,4.37
-26.43686,40.313623,4.37
-26.441323,40.310845,4.37
-26.446301,40.307818,-5.76
-26.450808,40.305318,-1.7
-26.455313,40.302486,-5.76
-26.459863,40.299665,-3.73
-26.464455,40.296703,-5.76
-26.468618,40.293796,-5.76
-26.47291,40.290835,-5.76
-26.47763,40.288035,-3.73
-26.48205,40.284988,-5.76
-26.486428,40.282111,-9.81
-26.490805,40.278733,-11.84
-26.494968,40.275685,-5.76
-26.499603,40.272553,-5.76
-26.503915,40.26942,-1.7
-26.508056,40.265923,-1.7
-26.512113,40.262575,-13.87
-26.516168,40.258906,-5.76
-26.519966,40.255268,-5.76
-26.523721,40.251781,0.31
-26.52975,40.24836,-5.76
-26.535888,40.245226,-3.73
-26.541875,40.24175,0.31
-26.547518,40.238606,-1.7
-26.553096,40.235678,8.43
-26.55814,40.232491,6.4
-26.563868,40.229273,4.37
-26.56977,40.225646,-9.81
-26.575691,40.222085,-26.02
-26.581956,40.218726,-21.97
-26.58773,40.215015,-19.95
-26.593351,40.211366,-28.05
-26.599638,40.207965,-26.02
-26.605796,40.204833,-21.97
-26.61202,40.201591,-28.05
-26.618756,40.198223,-19.95
-26.624808,40.195261,-5.76
-26.630236,40.19214,8.43
-26.63573,40.18934,-5.76
-26.64191,40.186711,26.7
-26.647983,40.184201,47.02
-26.653861,40.181551,-3.73
-26.659763,40.179008,-1.7
-26.66547,40.176595,8.43
-26.671758,40.174363,22.63
-26.678195,40.172325,36.85
-26.68416,40.17006,38.89
-26.690255,40.167968,6.4
-26.696176,40.165693,30.76
-26.702163,40.16343,22.63
-26.708128,40.161198,18.57
-26.71418,40.159191,14.51
-26.720766,40.157496,16.54
-26.727311,40.155705,14.51
-26.733363,40.153891,20.6
-26.739198,40.151906,14.51
-26.744885,40.15004,14.51
-26.750378,40.147873,4.37
-26.75628,40.146028,8.43
-26.761858,40.143785,8.43
-26.767136,40.141393,-1.7
-26.77278,40.138978,-3.73
-26.778466,40.136555,-7.79
-26.784066,40.134205,2.34
-26.789516,40.131468,-1.7
-26.795075,40.128968,-3.73
-26.80031,40.126523,-1.7
-26.805546,40.124098,-5.76
-26.810781,40.121941,-13.87
-26.815825,40.119775,-13.87
-26.820716,40.117521,-15.89
-26.825716,40.115118,-15.89
-26.830801,40.11236,-21.97
-26.836338,40.109893,-24
-26.84153,40.107318,-26.02
-26.84638,40.104668,-24
-26.851101,40.102028,-24
-26.855435,40.099185,-24
-26.859748,40.096353,-21.97
-26.864146,40.093123,-19.95
-26.868503,40.089926,-15.89
-26.872601,40.086761,-15.89
-26.876378,40.083918,-42.22
-26.880305,40.0813,-36.14
-26.883845,40.07864,-40.19
-26.887193,40.076033,-34.12
-26.89069,40.073308,-28.05
-26.894038,40.070496,-32.1
-26.897471,40.067878,-21.97
-26.901248,40.065465,-24
-26.904766,40.0629,-26.02
-26.908071,40.060411,-28.05
-26.912083,40.058361,-17.92
-26.916203,40.05627,-28.05
-26.919958,40.054243,38.89
-26.923391,40.052128,40.92
-26.926588,40.049811,32.79
-26.930451,40.047096,18.57
-26.933863,40.044178,4.37
-26.936481,40.040778,36.85
-26.938476,40.037108,40.92
-26.93955,40.032613,42.95
-26.946973,40.032678,42.95
-26.955986,40.035585,47.02
-26.964761,40.039286,40.92
-26.97532,40.049671,51.08
-26.984181,40.061785,20.6
-26.99667,40.072331,22.63
-27.010231,40.081848,0.31
-27.021045,40.090141,0.31
-27.03038,40.100795,-1.7
-27.037761,40.113058,0.31
-27.047353,40.123873,0.31
-27.055035,40.135095,0.31
-27.063446,40.146103,-1.7
-27.074496,40.15813,2.34
-27.08793,40.169341,0.31
-27.099988,40.181895,0.31
-27.111896,40.195036,0.31
-27.122776,40.208361,-1.7
-27.132905,40.22201,-3.73
-27.1402,40.235913,-3.73
-27.148868,40.24395,0.31
-27.156743,40.247028,-7.79
-27.163975,40.249368,-3.73
-27.17155,40.251535,-1.7
-27.178373,40.253595,2.34
-27.187706,40.259035,2.34
-27.200818,40.271436,-1.7
-27.214443,40.28356,0.31
-27.229615,40.29414,0.31
-27.2456,40.304213,-1.7
-27.26017,40.315521,0.31
-27.276005,40.325821,0.31
-27.291198,40.336721,-1.7
-27.305231,40.348673,-1.7
-27.320145,40.360121,2.34
-27.33613,40.371215,4.37
-27.351258,40.383263,-1.7
-27.365828,40.393478,0.31
-27.383595,40.401385,-1.7
-27.400225,40.40912,-7.79
-27.418356,40.416083,2.34
-27.434256,40.421565,-1.7
-27.447473,40.426383,-1.7
-27.459576,40.43311,2.34
-27.471076,40.442271,-1.7
-27.48142,40.455555,-3.73
-27.492685,40.468708,-5.76
-27.50408,40.481583,-5.76
-27.514206,40.495305,-5.76
-27.522683,40.509306,-5.76
-27.529871,40.523178,-3.73
-27.536973,40.536965,-5.76
-27.54369,40.55043,-5.76
-27.549505,40.56324,-5.76
-27.556371,40.573765,-7.79
-27.565813,40.579633,-13.87
-27.577185,40.585255,26.7
-27.588365,40.590663,-1.7
-27.600295,40.5999,2.34
-27.609308,40.609116,-1.7
-27.615145,40.618836,-1.7
-27.622311,40.627248,-3.73
-27.629285,40.63788,-1.7
-27.6354,40.646335,0.31
-27.646623,40.656881,0.31
-27.660205,40.668136,-1.7
-27.672951,40.67851,4.37
-27.685653,40.690076,2.34
-27.699945,40.700408,2.34
-27.714,40.710365,-1.7
-27.727625,40.721136,0.31
-27.743203,40.730878,-1.7
-27.758931,40.740458,-3.73
-27.775153,40.749856,-17.92
-27.789853,40.76019,-26.02
-27.805151,40.770478,-3.73
-27.820773,40.781131,-5.76
-27.836545,40.791228,-5.76
-27.85193,40.80128,-3.73
-27.865276,40.812825,4.37
-27.878601,40.824101,20.6
-27.891155,40.835903,14.51
-27.903491,40.847661,14.51
-27.917203,40.858648,-9.81
-27.931386,40.869591,-9.81
-27.945591,40.880588,36.85
-27.959776,40.891853,24.66
-27.972715,40.903398,26.7
-27.989173,40.913236,18.57
-28.004278,40.923481,10.46
-28.017883,40.934683,12.48
-28.03168,40.945401,12.48
-28.044748,40.955968,12.48
-28.05994,40.965883,10.46
-28.075068,40.975035,6.4
-28.090496,40.984303,20.6
-28.106095,40.993036,18.57
-28.121501,41.001856,16.54
-28.136545,41.01074,12.48
-28.151243,41.01942,2.34
-28.166435,41.028131,2.34
-28.182013,41.036166,-1.7
-28.197483,41.044836,-7.79
-28.212075,41.053655,-5.76
-28.226795,41.061583,-7.79
-28.241923,41.068943,-1.7
-28.257136,41.077976,2.34
-28.27398,41.086936,2.34
-28.289901,41.096913,2.34
-28.305458,41.107385,4.37
-28.3202,41.118671,-3.73
-28.335715,41.12968,-5.76
-28.349468,41.141278,-1.7
-28.362386,41.153508,-17.92
-28.374166,41.166061,-19.95
-28.387105,41.178013,-17.92
-28.399786,41.19004,-36.14
-28.410838,41.20256,-30.07
-28.423218,41.214995,-17.92
-28.435856,41.226518,-26.02
-28.448325,41.237043,-17.92
-28.461628,41.247621,-3.73
-28.473515,41.25966,-1.7
-28.484716,41.271408,-1.7
-28.494866,41.28365,-3.73
-28.505445,41.29618,0.31
-28.517503,41.308475,-5.76
-28.529435,41.321468,-44.24
-28.542308,41.333966,-40.19
-28.55308,41.347796,-36.14
-28.563123,41.361851,-26.02
-28.574388,41.37508,-13.87
-28.587626,41.387215,-9.81
-28.602711,41.398243,-32.1
-28.617668,41.40981,-34.12
-28.633075,41.420956,49.05
-28.645133,41.432811,51.08
-28.659081,41.443123,53.12
-28.674208,41.4528,16.54
-28.691053,41.457628,16.54
-28.704143,41.467638,16.54
-28.71412,41.48151,44.98
-28.722768,41.492496,38.89
-28.731715,41.506036,47.02
-28.742273,41.518341,51.08
-28.751693,41.531228,44.98
-28.760233,41.544295,42.95
-28.769288,41.557353,22.63
-28.78036,41.570205,32.79
-28.789995,41.58308,0.31
-28.797891,41.59514,0.31
-28.808576,41.606393,2.34
-28.82628,41.613733,2.34
-28.844626,41.62047,4.37
-28.85926,41.630973,-1.7
-28.873873,41.6424,0.31
-28.886596,41.65374,2.34
-28.897518,41.66346,0.31
-28.9046,41.677055,0.31
-28.917603,41.689585,0.31
-28.93243,41.701913,-1.7
-28.946871,41.714165,-5.76
-28.960305,41.72704,-5.76
-28.973156,41.740546,-7.79
-28.98762,41.753293,-7.79
-29.000473,41.767005,-3.73
-29.01457,41.780093,0.31
-29.028346,41.79344,2.34
-29.041478,41.807335,2.34
-29.055448,41.820585,8.43
-29.068365,41.834456,2.34
-29.08081,41.848555,-9.81
-29.0945,41.862136,2.34
-29.107181,41.876213,0.31
-29.120293,41.889635,2.34
-29.133038,41.903625,6.4
-29.144861,41.917873,0.31
-29.157993,41.931553,-3.73
-29.171405,41.9449,0.31
-29.184601,41.958225,-3.73
-29.197776,41.971668,2.34
-29.21254,41.983953,-7.79
-29.227388,41.996365,2.34
-29.242493,42.008896,4.37
-29.25657,42.021868,4.37
-29.269723,42.035751,4.37
-29.281846,42.049601,4.37
-29.293326,42.063656,-5.76
-29.305773,42.077153,2.34
-29.31706,42.090221,-9.81
-29.325148,42.10535,-9.81
-29.335191,42.11934,-9.81
-29.347615,42.131345,-7.79
-29.358515,42.144766,-5.76
-29.365833,42.16011,-3.73
-29.377848,42.172995,4.37
-29.387505,42.186576,-1.7
-29.395273,42.200053,4.37
-29.407268,42.21282,2.34
-29.419176,42.225405,-1.7
-29.4316,42.237571,26.7
-29.438681,42.25213,-13.87
-29.448938,42.265435,-9.81
-29.461876,42.276956,0.31
-29.474345,42.287965,2.34
-29.485351,42.3013,2.34
-29.498848,42.31278,4.37
-29.509105,42.326266,2.34
-29.518353,42.339473,4.37
-29.5264,42.35105,8.43
-29.539811,42.36267,10.46
-29.553608,42.372776,-3.73
-29.570581,42.382175,-13.87
-29.585666,42.393246,2.34
-29.598648,42.406165,2.34
-29.609548,42.417333,0.31
-29.621071,42.427783,0.31
-29.63062,42.440143,2.34
-29.645105,42.452126,0.31
-29.657356,42.465473,0.31
-29.671411,42.477725,0.31
-29.685895,42.488808,0.31
-29.70068,42.500566,0.31
-29.716751,42.510931,0.31
-29.728725,42.522936,0.31
-29.739905,42.535821,0.31
-29.750976,42.548481,-1.7
-29.764408,42.558631,-5.76
-29.779558,42.56847,-5.76
-29.793398,42.57907,-5.76
-29.80756,42.590368,-5.76
-29.82198,42.60055,-3.73
-29.835563,42.610248,-5.76
-29.85009,42.619796,-5.76
-29.868156,42.626276,-5.76
-29.884721,42.634066,-1.7
-29.901073,42.643336,-3.73
-29.912766,42.653346,0.31
-29.924011,42.663206,0.31
-29.93283,42.674288,-1.7
-29.940661,42.686723,-3.73
-29.948193,42.699211,-3.73
-29.956068,42.7117,0.31
-29.968793,42.721345,0.31
-29.982355,42.727783,-9.81
-29.994671,42.734831,-1.7
-30.004135,42.740765,-9.81
-30.01497,42.748511,-5.76
-30.027545,42.758628,-3.73
-30.041256,42.769678,-1.7
-30.054688,42.78058,-3.73
-30.06767,42.791415,-1.7
-30.08091,42.801393,0.31
-30.095136,42.811435,0.31
-30.108546,42.823161,-1.7
-30.120176,42.835265,-1.7
-30.129961,42.848096,-7.79
-30.137128,42.859543,-3.73
-30.146291,42.8701,-1.7
-30.156848,42.88025,2.34
-30.159788,42.893028,0.31
-30.16599,42.905301,-1.7
-30.176353,42.917458,-1.7
-30.178413,42.930193,-1.7
-30.182661,42.943143,-3.73
-30.191116,42.955856,-3.73
-30.200321,42.966821,-3.73
-30.211458,42.976476,-1.7
-30.222916,42.98903,0.31
-30.234611,43.00301,-1.7
-30.246626,43.016871,-1.7
-30.259438,43.03026,-1.7
-30.270188,43.04423,-1.7
-30.27965,43.058563,-3.73
-30.289263,43.072971,-3.73
-30.302375,43.086276,-1.7
-30.315806,43.099333,-3.73
-30.328145,43.112078,-3.73
-30.339238,43.125415,-1.7
-30.351211,43.138193,0.31
-30.36413,43.149286,0.31
-30.374278,43.160208,0.31
-30.385973,43.170455,0.31
-30.400071,43.179445,0.31
-30.412623,43.190646,2.34
-30.431721,43.201708,2.34
-30.450905,43.21219,2.34
-30.470388,43.222661,0.31
-30.480323,43.232928,0.31
-30.490665,43.243185,2.34
-30.499785,43.255373,2.34
-30.508668,43.269278,2.34
-30.517445,43.28314,0.31
-30.527015,43.297311,0.31
-30.53549,43.311635,0.31
-30.544738,43.325646,0.31
-30.55491,43.339455,-1.7
-30.564415,43.353478,-1.7
-30.572076,43.367865,-1.7
-30.583363,43.38206,-3.73
-30.600035,43.39355,-1.7
-30.618403,43.400728,-1.7
-30.630611,43.411306,-1.7
-30.642135,43.422421,-1.7
-30.6525,43.433933,-1.7
-30.66164,43.446025,-1.7
-30.673528,43.4589,0.31
-30.685565,43.471966,2.34
-30.700178,43.484208,2.34
-30.712838,43.496933,2.34
-30.727558,43.505376,4.37
-30.740175,43.514731,6.4
-30.7429,43.517521,4.37
-30.744316,43.517253,6.4
-30.745733,43.517531,4.37
-30.747213,43.517918,6.4
-30.748651,43.518283,-1.7
-30.750238,43.518616,0.31
-30.751633,43.518733,-1.7
-30.752943,43.518733,-1.7
-30.754445,43.518691,-1.7
-30.756183,43.518713,-1.7
-30.757791,43.518691,0.31
-30.759595,43.518713,0.31
-30.761225,43.518626,-1.7
-30.762726,43.518486,-1.7
-30.76423,43.518336,-1.7
-30.765881,43.518186,0.31
-30.767383,43.518143,-1.7
-30.768843,43.518293,-1.7
-30.770345,43.518476,0.31
-30.77204,43.518873,2.34
-30.773713,43.519076,0.31
-30.775558,43.519378,2.34
-30.777253,43.519688,2.34
-30.780065,43.520783,-1.7
-30.782618,43.52251,0.31
-30.785321,43.524301,-1.7
-30.788176,43.526083,0.31
-30.79118,43.527928,-5.76
-30.793605,43.529816,-3.73
-30.796223,43.531683,-5.76
-30.798755,43.533755,-7.79
-30.800986,43.535546,-9.81
-30.803561,43.537466,2.34
-30.805685,43.539966,0.31
-30.807853,43.542541,0.31
-30.809998,43.545148,2.34
-30.811973,43.547476,0.31
-30.813861,43.549773,0.31
-30.815513,43.551886,2.34
-30.816993,43.554021,-1.7
-30.818366,43.555995,-1.7
-30.819676,43.558086,-1.7
-30.820985,43.560265,0.31
-30.82208,43.562013,0.31
-30.823088,43.563688,-1.7
-30.824118,43.565458,0.31
-30.825168,43.567185,6.4
-30.826156,43.568923,4.37
-30.827078,43.570865,-1.7
-30.827915,43.57284,-9.81
-30.82841,43.574363,2.34
-30.829031,43.576111,-11.84
-30.829503,43.577516,-24
-30.829825,43.578848,-26.02
-30.829761,43.580091,6.4
-30.829846,43.581443,0.31
-30.829846,43.582731,2.34
-30.829825,43.584255,0.31
-30.829846,43.585971,-1.7
-30.829933,43.58815,2.34
-30.829546,43.59022,2.34
-30.829116,43.591948,2.34
-30.828345,43.59376,-5.76
-30.828001,43.595241,-1.7
-30.827571,43.596893,2.34
-30.827228,43.598588,0.31
-30.826756,43.600241,2.34
-30.826306,43.602033,0.31
-30.825835,43.603835,4.37
-30.825018,43.605788,2.34
-30.824375,43.607836,0.31
-30.823666,43.609843,4.37
-30.82313,43.611891,-1.7
-30.822658,43.614016,-3.73
-30.822036,43.616141,-1.7
-30.8215,43.61834,-1.7
-30.818925,43.622256,-1.7
-30.811178,43.633608,-1.7
-30.800343,43.643028,-1.7
-30.791051,43.654625,-1.7
-30.781481,43.665568,-3.73
-30.77189,43.6756,-1.7
-30.76114,43.685266,2.34
-30.751826,43.69591,0.31
-30.742128,43.706338,-1.7
-30.732515,43.71696,-1.7
-30.72522,43.728943,0.31
-30.72037,43.741646,0.31
-30.714018,43.753663,0.31
-30.705241,43.764198,0.31
-30.698161,43.774938,0.31
-30.691445,43.78555,-1.7
-30.683483,43.794046,-5.76
-30.675136,43.803916,-3.73
-30.665738,43.814388,-1.7
-30.655803,43.824205,-1.7
-30.645696,43.833035,0.31
-30.635246,43.842798,-1.7
-30.623466,43.851885,0.31
-30.610763,43.860308,2.34
-30.598533,43.870028,34.82
-30.584521,43.878075,30.76
-30.569908,43.886561,-3.73
-30.553815,43.89419,-1.7
-30.536135,43.901228,2.34
-30.521736,43.910336,-1.7
-30.502725,43.9173,-1.7
-30.483241,43.923543,0.31
-30.464336,43.93128,-1.7
-30.444938,43.940376,4.37
-30.423481,43.945333,4.37
-30.403011,43.949658,2.34
-30.383676,43.955086,2.34
-30.365181,43.961095,2.34
-30.345826,43.966973,8.43
-30.327286,43.972016,0.31
-30.308383,43.976598,-1.7
-30.289241,43.980718,0.31
-30.269736,43.983828,-3.73
-30.249846,43.988003,-3.73
-30.228731,43.990716,-5.76
-30.208346,43.993366,0.31
-30.188048,43.997003,-5.76
-30.167535,43.998366,-11.84
-30.14921,44.001123,-3.73
-30.130735,44.004643,-1.7
-30.110693,44.007378,-3.73
-30.092346,44.010061,-3.73
-30.073956,44.013945,-1.7
-30.055375,44.018075,-1.7
-30.036835,44.021798,-1.7
-30.019883,44.025188,0.31
-30.002868,44.02845,-3.73
-29.98699,44.032828,-1.7
-29.970831,44.03669,0.31
-29.953515,44.040316,0.31
-29.937315,44.04288,4.37
-29.922123,44.045198,2.34
-29.90545,44.049178,4.37
-29.889378,44.052161,8.43
-29.872706,44.054521,10.46
-29.855818,44.057246,20.6
-29.839103,44.05922,-7.79
-29.822645,44.063748,0.31
-29.804126,44.067138,-1.7
-29.787605,44.071848,-3.73
-29.769516,44.075775,-3.73
-29.751083,44.080538,-3.73
-29.732136,44.084443,-3.73
-29.713446,44.087888,0.31
-29.695036,44.090925,-3.73
-29.676605,44.094733,-1.7
-29.658386,44.09779,-3.73
-29.640533,44.101566,-1.7
-29.621178,44.103316,0.31
-29.602038,44.104593,-3.73
-29.583006,44.106878,-3.73
-29.5632,44.108583,-3.73
-29.544275,44.110225,2.34
-29.524448,44.110558,-1.7
-29.504278,44.110751,0.31
-29.48355,44.110505,2.34
-29.462821,44.108626,2.34
-29.444303,44.108498,4.37
-29.425163,44.109475,6.4
-29.406538,44.111866,2.34
-29.388041,44.115578,0.31
-29.370381,44.119753,0.31
-29.352315,44.124355,-1.7
-29.334033,44.128046,0.31
-29.315085,44.130578,0.31
-29.296288,44.135481,-1.7
-29.27674,44.139118,2.34
-29.25539,44.141263,4.37
-29.233846,44.143076,6.4
-29.211831,44.144718,6.4
-29.189965,44.145973,0.31
-29.166876,44.146006,22.63
-29.147995,44.148001,22.63
-29.135141,44.153795,40.92
-29.120421,44.160296,0.31
-29.10656,44.16726,0.31
-29.092161,44.172881,2.34
-29.078215,44.177516,-1.7
-29.065038,44.184136,0.31
-29.051863,44.191216,2.34
-29.03841,44.19833,0.31
-29.024998,44.20584,2.34
-29.01264,44.212825,2.34
-28.99983,44.221033,4.37
-28.985988,44.228103,0.31
-28.973565,44.236085,2.34
-28.962,44.243863,2.34
-28.950498,44.251138,2.34
-28.939275,44.258776,2.34
-28.928718,44.26691,2.34
-28.917281,44.275073,4.37
-28.905888,44.283131,-1.7
-28.895308,44.293356,6.4
-28.885395,44.304138,6.4
-28.874945,44.313976,0.31
-28.865396,44.324673,0.31
-28.855548,44.335348,2.34
-28.846213,44.345283,4.37
-28.837308,44.356323,4.37
-28.828275,44.367888,4.37
-28.820143,44.38012,6.4
-28.812138,44.392383,-5.76
-28.80302,44.40441,0.31
-28.794951,44.417038,4.37
-28.786605,44.429686,0.31
-28.777913,44.442346,2.34
-28.768751,44.455211,6.4
-28.759696,44.468643,4.37
-28.750533,44.482613,8.43
-28.741028,44.495648,8.43
-28.732016,44.508801,14.51
-28.723261,44.52277,16.54
-28.715321,44.537265,0.31
-28.707511,44.551878,0.31
-28.698928,44.566695,0.31
-28.69101,44.581608,12.48
-28.683006,44.596938,2.34
-28.673608,44.612045,2.34
-28.664596,44.62743,4.37
-28.654725,44.642483,4.37
-28.645005,44.658018,4.37
-28.634276,44.673478,14.51
-28.623011,44.68851,4.37
-28.610908,44.70367,0.31
-28.598398,44.718765,-1.7
-28.58576,44.733731,-1.7
-28.572606,44.748591,-15.89
-28.559883,44.763826,4.37
-28.547243,44.779115,8.43
-28.53231,44.793288,6.4
-28.515658,44.807095,0.31
-28.495145,44.81879,4.37
-28.471413,44.828413,2.34
-28.447273,44.83734,4.37
-28.424441,44.845321,4.37
-28.400903,44.852596,0.31
-28.377621,44.848251,0.31
-28.359381,44.834721,2.34
-28.340971,44.820571,2.34
-28.32359,44.80612,4.37
-28.30018,44.803661,4.37
-28.276148,44.806205,0.31
-28.252651,44.811183,0.31
-28.229176,44.81615,-1.7
-28.20566,44.821976,4.37
-28.182956,44.828123,6.4
-28.15974,44.831288,-5.76
-28.1356,44.834486,2.34
-28.111931,44.836911,4.37
-28.08805,44.840913,6.4
-28.065005,44.84469,6.4
-28.041786,44.84911,6.4
-28.019256,44.854645,8.43
-27.99767,44.86252,8.43
-27.974731,44.86884,8.43
-27.950828,44.873185,4.37
-27.929026,44.880941,16.54
-27.907311,44.88813,6.4
-27.886068,44.895598,8.43
-27.86416,44.901885,26.7
-27.843711,44.910221,30.76
-27.822403,44.916218,47.02
-27.802341,44.92433,47.02
-27.78127,44.931443,20.6
-27.759576,44.939575,22.63
-27.737538,44.94745,6.4
-27.714943,44.954478,4.37
-27.692841,44.962223,4.37
-27.671235,44.970678,4.37
-27.649026,44.978756,4.37
-27.62641,44.985023,4.37
-27.604286,44.992436,8.43
-27.581648,44.998005,6.4
-27.558625,45.004185,4.37
-27.536373,45.012423,6.4
-27.513541,45.019848,16.54
-27.491913,45.027251,14.51
-27.471291,45.035416,18.57
-27.449298,45.039653,10.46
-27.426295,45.042421,6.4
-27.402713,45.045758,6.4
-27.380891,45.051326,2.34
-27.35997,45.057388,4.37
-27.33731,45.061551,6.4
-27.31523,45.064426,6.4
-27.292871,45.067388,8.43
-27.270233,45.070853,10.46
-27.248518,45.076421,6.4
-27.226846,45.080938,8.43
-27.205688,45.08773,8.43
-27.183566,45.09288,-1.7
-27.16258,45.099166,4.37
-27.141595,45.106033,4.37
-27.120201,45.112201,0.31
-27.09735,45.115678,2.34
-27.076278,45.121225,0.31
-27.056708,45.127651,8.43
-27.038255,45.13573,-5.76
-27.019586,45.144066,6.4
-26.998408,45.149206,4.37
-26.979246,45.156651,8.43
-26.959055,45.160836,4.37
-26.939248,45.165375,10.46
-26.920238,45.172251,2.34
-26.900796,45.178453,4.37
-26.880155,45.184783,2.34
-26.860006,45.193956,2.34
-26.84093,45.20608,2.34
-26.821381,45.218041,2.34
-26.802478,45.230595,4.37
-26.783166,45.24318,2.34
-26.762545,45.254208,0.31
-26.74113,45.26409,6.4
-26.721581,45.271568,6.4
-26.699438,45.281245,4.37
-26.67738,45.290418,4.37
-26.654613,45.298991,8.43
-26.632661,45.30899,4.37
-26.611161,45.319258,4.37
-26.588801,45.326918,4.37
-26.567388,45.33225,6.4
-26.54653,45.338548,4.37
-26.528076,45.342678,2.34
-26.508078,45.352915,4.37
-26.489281,45.359245,6.4
-26.47085,45.364683,6.4
-26.451795,45.373095,6.4
-26.431066,45.379393,6.4
-26.410531,45.388951,2.34
-26.390683,45.396011,4.37
-26.370148,45.403103,6.4
-26.349313,45.409336,4.37
-26.328628,45.415603,4.37
-26.30848,45.421611,6.4
-26.288416,45.427866,4.37
-26.267108,45.435096,4.37
-26.245501,45.440515,14.51
-26.223056,45.448208,4.37
-26.20132,45.45604,4.37
-26.179668,45.463883,4.37
-26.158296,45.469751,4.37
-26.137655,45.47371,2.34
-26.116283,45.477851,4.37
-26.095361,45.481703,4.37
-26.072186,45.487443,4.37
-26.048885,45.492668,4.37
-26.025151,45.498043,4.37
-26.00084,45.502978,6.4
-25.9767,45.510306,4.37
-25.953226,45.518375,4.37
-25.930545,45.527033,6.4
-25.908636,45.53436,6.4
-25.88645,45.54245,8.43
-25.866451,45.550936,6.4
-25.844415,45.557663,6.4
-25.822548,45.562651,4.37
-25.802271,45.571235,4.37
-25.779955,45.577618,2.34
-25.757703,45.583476,2.34
-25.735216,45.58882,2.34
-25.712943,45.593411,-9.81
-25.692536,45.598658,-3.73
-25.672495,45.604345,2.34
-25.651166,45.60854,4.37
-25.630181,45.613828,6.4
-25.60896,45.61783,2.34
-25.588681,45.620566,0.31
-25.5701,45.624546,2.34
-25.551366,45.626038,-1.7
-25.532956,45.628666,12.48
-25.513386,45.630833,10.46
-25.493903,45.633623,2.34
-25.475513,45.637003,4.37
-25.457168,45.637658,2.34
-25.440966,45.640115,2.34
-25.425325,45.641981,0.31
-25.407986,45.641316,2.34
-25.388288,45.643398,81.62
-25.368568,45.646455,42.95
-25.348806,45.646991,-13.87
-25.330631,45.649341,-28.05
-25.312736,45.651133,26.7
-25.295376,45.652591,26.7
-25.27819,45.654663,-11.84
-25.260508,45.656936,-19.95
-25.243341,45.660005,-26.02
-25.227678,45.663513,16.54
-25.213236,45.667795,4.37
-25.198903,45.67316,30.76
-25.18236,45.677386,24.66
-25.166866,45.682065,16.54
-25.148005,45.685636,2.34
-25.129508,45.691291,-3.73
-25.111163,45.693833,0.31
-25.093588,45.69775,-3.73
-25.07653,45.701236,14.51
-25.058676,45.706193,10.46
-25.04119,45.71261,10.46
-25.02383,45.719315,24.66
-25.005268,45.724368,44.98
-24.98527,45.727136,42.95
-24.965056,45.731385,55.15
-24.944823,45.73543,40.92
-24.925381,45.736288,14.51
-24.9065,45.736373,30.76
-24.887638,45.737736,20.6
-24.868348,45.73926,24.66
-24.849465,45.74029,22.63
-24.830153,45.743465,16.54
-24.812686,45.74472,24.66
-24.796421,45.747993,20.6
-24.780908,45.750621,8.43
-24.766058,45.753143,-7.79
-24.751103,45.755846,-11.84
-24.737241,45.76075,-5.76
-24.722865,45.768141,-5.76
-24.70838,45.775801,4.37
-24.693725,45.782131,16.54
-24.679326,45.78903,16.54
-24.666001,45.794073,2.34
-24.652376,45.799513,-1.7
-24.640231,45.80447,-5.76
-24.627656,45.809168,-21.97
-24.614375,45.813675,-26.02
-24.603216,45.816871,-28.05
-24.588905,45.81773,-32.1
-24.571931,45.818675,-66.48
-24.553713,45.819436,-86.68
-24.535475,45.821078,-86.68
-24.516978,45.823448,-64.46
-24.498438,45.824231,-19.95
-24.479641,45.824221,-17.92
-24.460738,45.823213,-24
-24.441275,45.821056,-15.89
-24.422328,45.822108,24.66
-24.402071,45.82038,53.12
-24.38246,45.818985,51.08
-24.36141,45.818835,51.08
-24.339866,45.81729,47.02
-24.320318,45.81683,49.05
-24.302745,45.818266,32.79
-24.284313,45.817935,24.66
-24.264571,45.816925,30.76
-24.245731,45.814383,38.89
-24.228608,45.813428,14.51
-24.211506,45.814275,14.51
-24.194963,45.815703,24.66
-24.178055,45.818085,18.57
-24.159171,45.820101,16.54
-24.1381,45.82302,10.46
-24.11823,45.827161,6.4
-24.098896,45.83024,2.34
-24.079391,45.833233,-11.84
-24.06051,45.833608,-15.89
-24.042978,45.833845,-15.89
-24.025468,45.834371,-5.76
-24.007851,45.834606,-5.76
-23.991845,45.837728,-7.79
-23.975708,45.840721,-9.81
-23.957641,45.843083,0.31
-23.939895,45.844285,10.46
-23.921935,45.847245,10.46
-23.904511,45.850141,10.46
-23.887968,45.85262,18.57
-23.871981,45.854573,14.51
-23.855073,45.85792,18.57
-23.840568,45.86307,16.54
-23.825183,45.866268,20.6
-23.812158,45.870741,16.54
-23.797566,45.875055,18.57
-23.78231,45.881341,14.51
-23.769565,45.88896,-5.76
-23.754801,45.895858,-1.7
-23.740725,45.902831,4.37
-23.725963,45.909826,2.34
-23.712723,45.917423,-9.81
-23.70017,45.92503,-5.76
-23.682875,45.931553,-17.92
-23.666053,45.939051,-17.92
-23.65599,45.944653,-21.97
-23.644573,45.94874,-44.24
-23.629618,45.95388,-38.17
-23.607086,45.956551,-30.07
-23.585651,45.960993,-28.05
-23.563356,45.96405,-26.02
-23.540868,45.962601,-19.95
-23.517995,45.958965,-17.92
-23.494348,45.954286,30.76
-23.470145,45.951283,28.73
-23.442871,45.952666,26.7
-23.415083,45.952988,47.02
-23.38676,45.952376,38.89
-23.357748,45.952045,36.85
-23.329296,45.95228,32.79
-23.3005,45.951786,30.76
-23.271703,45.952431,22.63
-23.24338,45.953385,4.37
-23.21469,45.95418,-3.73
-23.186323,45.954791,-9.81
-23.157913,45.953418,-7.79
-23.129396,45.952323,-15.89
-23.100321,45.951808,-13.87
-23.071396,45.951078,-11.84
-23.04305,45.950381,-11.84
-23.015198,45.950081,-9.81
-22.98726,45.95094,-9.81
-22.959408,45.951465,-5.76
-22.932028,45.952335,-5.76
-22.904005,45.951271,-5.76
-22.877333,45.951745,-7.79
-22.850425,45.951615,-7.79
-22.824546,45.95242,-9.81
-22.799356,45.95271,18.57
-22.773413,45.95125,85.69
-22.748136,45.9502,32.79
-22.72286,45.950563,4.37
-22.699256,45.954061,4.37
-22.675501,45.957623,6.4
-22.651211,45.960788,6.4
-22.62557,45.962205,2.34
-22.599435,45.962345,-1.7
-22.572741,45.962816,26.7
-22.54592,45.962483,22.63
-22.518753,45.962345,14.51
-22.493283,45.964071,12.48
-22.4682,45.968803,30.76
-22.443438,45.973663,22.63
-22.418805,45.978866,8.43
-22.393635,45.98347,-5.76
-22.367456,45.988318,30.76
-22.340355,45.992363,-9.81
-22.313468,45.997085,20.6
-22.286453,46.001633,14.51
-22.259975,46.006353,12.48
-22.233453,46.011246,-5.76
-22.206008,46.014261,-15.89
-22.178391,46.016396,2.34
-22.151526,46.019453,-3.73
-22.124833,46.022598,-9.81
-22.097861,46.025515,16.54
-22.070416,46.027103,2.34
-22.043531,46.02955,-1.7
-22.01673,46.032306,20.6
-21.989415,46.033165,114.25
-21.962078,46.034206,118.34
-21.933968,46.037028,99.97
-21.906073,46.040331,57.19
-21.877535,46.04222,2.34
-21.848545,46.041576,42.95
-21.819126,46.041813,53.12
-21.790245,46.043046,55.15
-21.761491,46.04382,47.02
-21.732695,46.044891,102.01
-21.704006,46.045278,75.51
-21.675403,46.04736,40.92
-21.64725,46.051501,26.7
-21.620256,46.055793,-9.81
-21.59307,46.056693,2.34
-21.565796,46.057776,24.66
-21.538546,46.05885,22.63
-21.51078,46.05913,30.76
-21.483936,46.060288,24.66
-21.458251,46.06224,-13.87
-21.431471,46.063935,-26.02
-21.405465,46.06473,10.46
-21.379458,46.065823,14.51
-21.353795,46.065791,-98.79
-21.327981,46.063248,-78.6
-21.302233,46.059601,-76.58
-21.277126,46.061683,-88.7
-21.251291,46.065416,-147.18
-21.22535,46.06649,-227.62
-21.198591,46.065813,-157.24
-21.17222,46.066275,-112.92
-21.145828,46.068013,-84.66
-21.119585,46.06974,-52.33
-21.092483,46.070255,-44.24
-21.065598,46.07106,-3.73
-21.038088,46.071853,77.54
-21.010645,46.073345,77.54
-20.98275,46.075071,75.51
-20.954918,46.075276,75.51
-20.927066,46.074138,79.58
-20.899086,46.074418,83.66
-20.87132,46.073098,44.98
-20.844733,46.071713,28.73
-20.817955,46.070373,55.15
-20.791218,46.068731,26.7
-20.764288,46.064355,28.73
-20.73721,46.059623,32.79
-20.710301,46.056596,28.73
-20.683886,46.055385,24.66
-20.658073,46.054065,16.54
-20.631466,46.053281,12.48
-20.605308,46.05251,6.4
-20.578573,46.05002,4.37
-20.552073,46.047843,-42.22
-20.525186,46.045096,-50.31
-20.498771,46.041651,-19.95
-20.471391,46.038701,-30.07
-20.44384,46.03442,0.31
-20.416803,46.028048,57.19
-20.39026,46.021953,18.57
-20.36391,46.017426,0.31
-20.337151,46.01586,16.54
-20.310931,46.016268,14.51
-20.284066,46.013778,12.48
-20.256921,46.011686,24.66
-20.229906,46.009905,12.48
-20.202548,46.008306,2.34
-20.175361,46.006375,4.37
-20.148968,46.00673,-1.7
-20.122383,46.006665,14.51
-20.096526,46.007985,10.46
-20.0714,46.008715,2.34
-20.045565,46.009121,-9.81
-20.01975,46.009551,-11.84
-19.993658,46.009358,-7.79
-19.968338,46.009111,-26.02
-19.942718,46.008865,-9.81
-19.916131,46.007395,-21.97
-19.88918,46.005678,-30.07
-19.862851,46.00247,-40.19
-19.836651,46.000035,-46.26
-19.810238,45.996708,-74.56
-19.78406,45.993855,-84.66
-19.758181,45.99173,-72.54
-19.73299,45.990035,-62.44
-19.706983,45.987846,-64.46
-19.680826,45.986011,-64.46
-19.654411,45.983683,-3.73
-19.627826,45.980851,32.79
-19.602291,45.978706,97.93
-19.577143,45.976485,-11.84
-19.551695,45.971538,16.54
-19.526566,45.965091,30.76
-19.505066,45.96154,20.6
-19.484231,45.96523,44.98
-19.460285,45.96905,32.79
-19.436316,45.972611,24.66
-19.411876,45.975808,34.82
-19.38705,45.979178,6.4
-19.361858,45.982696,36.85
-19.336538,45.983823,36.85
-19.311711,45.986161,28.73
-19.28637,45.986903,-5.76
-19.2606,45.9876,-1.7
-19.234506,45.987933,6.4
-19.207878,45.989166,8.43
-19.181228,45.989971,0.31
-19.155113,45.991355,-17.92
-19.13018,45.994188,-44.24
-19.106276,45.997266,-38.17
-19.081556,45.999745,-32.1
-19.055786,46.001215,-26.02
-19.030015,46.002416,49.05
-19.003945,46.003521,222.88
-18.978238,46.003628,104.05
-18.952425,46.004486,0.31
-18.929271,46.00879,-1.7
-18.90393,46.01144,0.31
-18.877945,46.012866,0.31
-18.852346,46.01409,0.31
-18.827648,46.01675,-1.7
-18.802371,46.019453,-1.7
-18.777651,46.023241,0.31
-18.75304,46.027081,-1.7
-18.72832,46.031653,-1.7
-18.703645,46.036706,-1.7
-18.678731,46.041663,0.31
-18.653861,46.04765,14.51
-18.627876,46.053196,79.58
-18.602191,46.058313,32.79
-18.575885,46.064601,67.36
-18.550115,46.070351,2.34
-18.523335,46.077475,2.34
-18.495398,46.083151,-1.7
-18.467331,46.088698,8.43
-18.439736,46.093686,8.43
-18.413708,46.0983,4.37
-18.387636,46.102698,4.37
-18.360665,46.106851,4.37
-18.334486,46.11184,6.4
-18.307686,46.117558,4.37
-18.281165,46.122858,6.4
-18.255693,46.128373,6.4
-18.22988,46.134176,4.37
-18.203788,46.139703,4.37
-18.185913,46.145936,12.48
-18.162245,46.149133,2.34
-18.138256,46.152856,8.43
-18.114351,46.156408,2.34
-18.090191,46.161805,2.34
-18.06545,46.165216,-5.76
-18.039936,46.168498,18.57
-18.015883,46.170236,0.31
-17.991786,46.173316,-3.73
-17.967881,46.17735,-38.17
-17.94342,46.180623,-32.1
-17.919108,46.184055,-24
-17.894003,46.188036,32.79
-17.869048,46.190783,20.6
-17.844178,46.195095,6.4
-17.819201,46.198603,8.43
-17.794118,46.20297,10.46
-17.769698,46.20266,6.4
-17.745236,46.202111,6.4
-17.72084,46.202155,6.4
-17.699168,46.203421,6.4
-17.67623,46.200513,4.37
-17.652561,46.199505,4.37
-17.629773,46.199623,2.34
-17.606063,46.199881,4.37
-17.581901,46.19986,2.34
-17.557805,46.198528,0.31
-17.533556,46.195213,4.37
-17.509053,46.191813,2.34
-17.487058,46.18854,0.31
-17.464206,46.18573,0.31
-17.441633,46.183733,0.31
-17.419251,46.182071,4.37
-17.396313,46.180258,10.46
-17.374083,46.178358,0.31
-17.350781,46.181631,4.37
-17.326361,46.182446,16.54
-17.302351,46.182435,0.31
-17.27776,46.181073,0.31
-17.252505,46.178251,2.34
-17.228536,46.174775,4.37
-17.203775,46.170741,8.43
-17.179463,46.16777,2.34
-17.155151,46.165773,2.34
-17.131483,46.164786,4.37
-17.107236,46.164228,2.34
-17.08404,46.164765,6.4
-17.059385,46.165601,4.37
-17.035266,46.166771,4.37
-17.010076,46.165978,-1.7
-16.984498,46.165751,-3.73
-16.960123,46.165205,-3.73
-16.936003,46.163413,4.37
-16.912271,46.162738,8.43
-16.894161,46.16587,2.34
-16.872188,46.165816,8.43
-16.849208,46.164733,6.4
-16.824853,46.162598,6.4
-16.800648,46.160903,8.43
-16.776831,46.159786,8.43
-16.753678,46.157876,6.4
-16.729366,46.155806,8.43
-16.705163,46.152158,6.4
-16.68274,46.14996,4.37
-16.658235,46.146708,2.34
-16.63431,46.143383,0.31
-16.611285,46.142363,-7.79
-16.587445,46.142546,-9.81
-16.564443,46.143843,-1.7
-16.541913,46.14349,0.31
-16.51979,46.141376,2.34
-16.498353,46.142921,2.34
-16.476723,46.141935,0.31
-16.45413,46.140035,2.34
-16.43162,46.138576,-1.7
-16.409218,46.138018,0.31
-16.38658,46.137643,0.31
-16.364715,46.136666,-1.7
-16.34109,46.137975,2.34
-16.316178,46.138105,4.37
-16.293153,46.138243,2.34
-16.270516,46.138876,-3.73
-16.247406,46.139285,0.31
-16.224961,46.139563,-1.7
-16.20138,46.139735,2.34
-16.178591,46.140003,0.31
-16.156555,46.141408,4.37
-16.134216,46.143371,6.4
-16.1119,46.144906,4.37
-16.08864,46.145828,6.4
-16.066453,46.148253,2.34
-16.04212,46.14981,2.34
-16.017508,46.150078,2.34
-15.992338,46.150141,2.34</coordinates>
        </LineString>
      </Placemark>
    <Placemark>
        <name>Daniel Pinsky</name>
        <visibility>true</visibility>
        <description />
        <TimeStamp>
          <when>2026-05-19T06:00:00Z</when>
        </TimeStamp>
        <styleUrl>#style_6179117</styleUrl>
        <ExtendedData>
          <Data name="Id">
            <value>213095750</value>
          </Data>
          <Data name="Time UTC">
            <value>5/19/2026 6:00:00 AM</value>
          </Data>
          <Data name="Time">
            <value>5/19/2026 6:00:00 AM</value>
          </Data>
          <Data name="Name">
            <value>Daniel Pinsky</value>
          </Data>
          <Data name="Map Display Name">
            <value>Daniel Pinsky</value>
          </Data>
          <Data name="Device Type">
            <value>inReach Mini 2</value>
          </Data>
          <Data name="IMEI">
            <value>301434037845150</value>
          </Data>
          <Data name="Incident Id">
            <value />
          </Data>
          <Data name="Latitude">
            <value>46.150141</value>
          </Data>
          <Data name="Longitude">
            <value>-15.992338</value>
          </Data>
          <Data name="Elevation">
            <value>2.34 m from MSL</value>
          </Data>
          <Data name="Velocity">
            <value>8.0 km/h</value>
          </Data>
          <Data name="Course">
            <value>45.00 ° True</value>
          </Data>
          <Data name="Valid GPS Fix">
            <value>True</value>
          </Data>
          <Data name="In Emergency">
            <value>False</value>
          </Data>
          <Data name="Text">
            <value />
          </Data>
          <Data name="Event">
            <value>Tracking message received.</value>
          </Data>
          <Data name="Device Identifier">
            <value />
          </Data>
          <Data name="SpatialRefSystem">
            <value>WGS84</value>
          </Data>
        <Data name="Speed 1hr"><value>5.9 kn</value></Data><Data name="Speed 24hr"><value>6.1 kn</value></Data></ExtendedData>
        <Point>
          <extrude>false</extrude>
          <altitudeMode>absolute</altitudeMode>
          <coordinates>-15.992338,46.150141,2.34</coordinates>
        </Point>
      </Placemark>
      </Folder>
  </Document>
</kml>